timestamp,driving_style,road_type,RPM,THROTTLE_POS,SPEED,FUEL_PRESSURE,ENGINE_LOAD,COOLANT_TEMP,INTAKE_TEMP,TIMING_ADVANCE,MAF,INTAKE_PRESSURE,SHORT_FUEL_TRIM_1,LONG_FUEL_TRIM_1,SHORT_FUEL_TRIM_2,LONG_FUEL_TRIM_2,COMMANDED_EQUIV_RATIO,O2_B1S2,O2_B2S2,O2_S1_WR_VOLTAGE,COMMANDED_EGR
2025-05-15T14:24:24.058899,UNKNOWN_STYLE,UNKNOWN_ROAD,908.5,13.333333333333334,0.0,54,2.7450980392156863,54,24,16.0,5.55,32,-5.46875,7.03125,-1.5625,-0.78125,0.140544,0.105,0.09,2.795208667124437,7.0588235294117645
2025-05-15T14:24:28.393424,UNKNOWN_STYLE,main,880.5,13.333333333333334,0.0,54,2.7450980392156863,54,24,16.0,5.55,32,-5.46875,7.03125,-1.5625,-0.78125,0.140544,0.105,0.09,2.795208667124437,7.0588235294117645
2025-05-15T14:24:28.896336,UNKNOWN_STYLE,main,884.75,13.333333333333334,0.0,54,2.7450980392156863,54,24,16.0,5.55,32,-5.46875,7.03125,-1.5625,-0.78125,0.140544,0.105,0.09,2.795208667124437,7.0588235294117645
2025-05-15T14:24:29.399801,UNKNOWN_STYLE,main,903.0,13.333333333333334,0.0,54,2.7450980392156863,54,24,16.0,5.55,32,-5.46875,7.03125,-1.5625,-0.78125,0.140544,0.105,0.09,2.795208667124437,7.0588235294117645
2025-05-15T14:24:29.904840,UNKNOWN_STYLE,main,893.0,13.333333333333334,0.0,54,2.7450980392156863,54,24,16.0,5.55,32,-5.46875,7.03125,-1.5625,-0.78125,0.140544,0.105,0.09,2.795208667124437,7.0588235294117645
2025-05-15T14:24:30.409923,UNKNOWN_STYLE,main,896.0,13.333333333333334,0.0,54,2.7450980392156863,54,24,16.0,5.55,32,-5.46875,7.03125,-1.5625,-0.78125,0.140544,0.105,0.09,2.795208667124437,7.0588235294117645
2025-05-15T14:24:30.914985,UNKNOWN_STYLE,main,897.5,13.333333333333334,0.0,54,2.7450980392156863,54,24,16.0,5.55,32,-5.46875,7.03125,-1.5625,-0.78125,0.140544,0.105,0.09,2.795208667124437,7.0588235294117645
2025-05-15T14:24:31.420048,UNKNOWN_STYLE,main,891.25,13.333333333333334,0.0,54,2.7450980392156863,54,24,16.0,5.55,32,-5.46875,7.03125,-1.5625,-0.78125,0.140544,0.105,0.09,2.795208667124437,7.0588235294117645
2025-05-15T14:24:31.925158,UNKNOWN_STYLE,main,892.25,13.333333333333334,0.0,54,2.7450980392156863,54,24,16.0,5.55,32,-5.46875,7.03125,-1.5625,-0.78125,0.140544,0.105,0.09,2.795208667124437,7.0588235294117645
2025-05-15T14:24:32.425972,UNKNOWN_STYLE,main,891.75,13.333333333333334,0.0,54,2.7450980392156863,54,24,16.0,5.55,32,-5.46875,7.03125,-1.5625,-0.78125,0.140544,0.105,0.09,2.795208667124437,7.0588235294117645
2025-05-15T14:24:32.926140,UNKNOWN_STYLE,main,872.25,13.333333333333334,0.0,54,2.7450980392156863,54,24,16.0,5.55,32,-5.46875,7.03125,-1.5625,-0.78125,0.140544,0.105,0.09,2.795208667124437,7.0588235294117645
2025-05-15T14:24:33.431227,UNKNOWN_STYLE,main,887.75,13.333333333333334,0.0,54,2.7450980392156863,54,24,16.0,5.55,32,-5.46875,7.03125,-1.5625,-0.78125,0.140544,0.105,0.09,2.795208667124437,7.0588235294117645
2025-05-15T14:24:33.935150,UNKNOWN_STYLE,main,892.25,13.333333333333334,0.0,54,2.7450980392156863,54,24,16.0,5.55,32,-5.46875,7.03125,-1.5625,-0.78125,0.140544,0.105,0.09,2.795208667124437,7.0588235294117645
2025-05-15T14:24:34.440194,UNKNOWN_STYLE,main,880.25,13.333333333333334,0.0,54,2.7450980392156863,54,24,16.0,5.55,32,-5.46875,7.03125,-1.5625,-0.78125,0.140544,0.105,0.09,2.795208667124437,7.0588235294117645
2025-05-15T14:24:34.944117,UNKNOWN_STYLE,main,891.0,13.333333333333334,0.0,54,2.7450980392156863,54,24,16.0,5.55,32,-5.46875,7.03125,-1.5625,-0.78125,0.140544,0.105,0.09,2.795208667124437,7.0588235294117645
2025-05-15T14:24:35.445237,UNKNOWN_STYLE,main,884.25,13.333333333333334,0.0,54,2.7450980392156863,54,24,16.0,5.55,32,-5.46875,7.03125,-1.5625,-0.78125,0.140544,0.105,0.09,2.795208667124437,7.0588235294117645
2025-05-15T14:24:35.945845,UNKNOWN_STYLE,main,871.75,13.333333333333334,0.0,54,2.7450980392156863,54,24,16.0,5.55,32,-5.46875,7.03125,-1.5625,-0.78125,0.140544,0.105,0.09,2.795208667124437,7.0588235294117645
2025-05-15T14:24:36.450852,UNKNOWN_STYLE,main,884.5,13.333333333333334,0.0,54,2.7450980392156863,54,24,16.0,5.55,32,-5.46875,7.03125,-1.5625,-0.78125,0.140544,0.105,0.09,2.795208667124437,7.0588235294117645
2025-05-15T14:24:36.955918,UNKNOWN_STYLE,main,884.25,13.333333333333334,0.0,54,2.7450980392156863,54,24,16.0,5.55,32,-5.46875,7.03125,-1.5625,-0.78125,0.140544,0.105,0.09,2.795208667124437,7.0588235294117645
2025-05-15T14:24:37.459240,UNKNOWN_STYLE,main,876.0,13.333333333333334,0.0,54,2.7450980392156863,54,24,16.0,5.55,32,-5.46875,7.03125,-1.5625,-0.78125,0.140544,0.105,0.09,2.795208667124437,7.0588235294117645
2025-05-15T14:24:37.961585,UNKNOWN_STYLE,main,895.0,13.333333333333334,0.0,54,2.7450980392156863,54,24,16.0,5.55,32,-5.46875,7.03125,-1.5625,-0.78125,0.140544,0.105,0.09,2.795208667124437,7.0588235294117645
2025-05-15T14:24:38.466115,UNKNOWN_STYLE,main,868.75,13.333333333333334,0.0,54,2.7450980392156863,54,24,16.0,5.55,32,-5.46875,7.03125,-1.5625,-0.78125,0.140544,0.105,0.09,2.795208667124437,7.0588235294117645
2025-05-15T14:24:38.970642,UNKNOWN_STYLE,main,885.5,13.333333333333334,0.0,54,2.7450980392156863,54,24,16.0,5.55,32,-5.46875,7.03125,-1.5625,-0.78125,0.140544,0.105,0.09,2.795208667124437,7.0588235294117645
2025-05-15T14:24:39.476038,mild,main,868.5,13.333333333333334,0.0,54,2.7450980392156863,54,24,16.0,5.55,32,-5.46875,7.03125,-1.5625,-0.78125,0.140544,0.105,0.09,2.795208667124437,7.0588235294117645
2025-05-15T14:24:39.981143,mild,main,881.5,13.333333333333334,0.0,54,2.7450980392156863,54,24,16.0,5.55,32,-5.46875,7.03125,-1.5625,-0.78125,0.140544,0.105,0.09,2.795208667124437,7.0588235294117645
2025-05-15T14:24:40.486143,mild,main,875.25,13.333333333333334,0.0,54,2.7450980392156863,54,24,16.0,5.55,32,-5.46875,7.03125,-1.5625,-0.78125,0.140544,0.105,0.09,2.795208667124437,7.0588235294117645
2025-05-15T14:24:40.991209,mild,main,878.25,13.333333333333334,0.0,54,2.7450980392156863,54,24,16.0,5.55,32,-5.46875,7.03125,-1.5625,-0.78125,0.140544,0.105,0.09,2.795208667124437,7.0588235294117645
2025-05-15T14:24:41.496280,mild,main,889.5,13.72549019607843,0.0,54,2.7450980392156863,54,24,16.0,5.55,32,-5.46875,7.03125,-1.5625,-0.78125,0.140544,0.105,0.09,2.795208667124437,7.0588235294117645
2025-05-15T14:24:41.997890,mild,main,875.25,13.72549019607843,0.0,54,2.7450980392156863,54,24,16.0,5.55,32,-5.46875,7.03125,-1.5625,-0.78125,0.140544,0.105,0.09,2.795208667124437,7.0588235294117645
2025-05-15T14:24:42.501001,mild,main,873.25,13.72549019607843,0.0,54,2.7450980392156863,54,24,16.0,5.55,32,-5.46875,7.03125,-1.5625,-0.78125,0.140544,0.105,0.09,2.795208667124437,7.0588235294117645
2025-05-15T14:24:43.002312,mild,main,870.5,13.72549019607843,0.0,54,2.7450980392156863,54,24,16.0,5.55,32,-5.46875,7.03125,-1.5625,-0.78125,0.140544,0.105,0.09,2.795208667124437,7.0588235294117645
2025-05-15T14:24:43.507402,mild,main,874.0,13.72549019607843,0.0,54,2.7450980392156863,54,24,16.0,5.55,32,-5.46875,7.03125,-1.5625,-0.78125,0.140544,0.105,0.09,2.795208667124437,7.0588235294117645
2025-05-15T14:24:44.010195,mild,main,870.75,13.72549019607843,0.0,54,2.7450980392156863,54,24,16.0,5.55,32,-5.46875,7.03125,-1.5625,-0.78125,0.140544,0.105,0.09,2.795208667124437,7.0588235294117645
2025-05-15T14:24:44.515300,mild,main,873.5,13.72549019607843,0.0,54,2.7450980392156863,54,24,16.0,5.55,32,-5.46875,7.03125,-1.5625,-0.78125,0.140544,0.105,0.09,2.795208667124437,7.0588235294117645
2025-05-15T14:24:45.018207,mild,main,877.5,13.72549019607843,0.0,54,2.7450980392156863,54,24,16.0,5.55,32,-5.46875,7.03125,-1.5625,-0.78125,0.140544,0.105,0.09,2.795208667124437,7.0588235294117645
2025-05-15T14:24:45.519141,mild,main,877.25,13.72549019607843,0.0,54,2.7450980392156863,54,24,16.0,5.55,32,-5.46875,7.03125,-1.5625,-0.78125,0.140544,0.105,0.09,2.795208667124437,7.0588235294117645
2025-05-15T14:24:46.020880,mild,main,892.75,13.72549019607843,0.0,54,2.7450980392156863,54,24,16.0,5.55,32,-5.46875,7.03125,-1.5625,-0.78125,0.140544,0.105,0.09,2.795208667124437,7.0588235294117645
2025-05-15T14:24:46.525971,mild,main,888.25,14.901960784313726,0.0,54,2.7450980392156863,54,24,16.0,5.55,32,-5.46875,7.03125,-1.5625,-0.78125,0.140544,0.105,0.09,2.795208667124437,7.0588235294117645
2025-05-15T14:24:47.028844,mild,main,870.0,17.647058823529413,0.0,54,2.7450980392156863,54,24,16.0,5.55,32,-5.46875,7.03125,-1.5625,-0.78125,0.140544,0.105,0.09,2.795208667124437,7.0588235294117645
2025-05-15T14:24:47.533314,mild,main,1275.75,14.117647058823529,3.0,54,2.7450980392156863,54,24,16.0,5.55,32,-5.46875,7.03125,-1.5625,-0.78125,0.140544,0.105,0.09,2.795208667124437,7.0588235294117645
2025-05-15T14:24:48.034760,mild,main,1125.5,13.333333333333334,3.0,54,2.7450980392156863,54,24,16.0,5.55,32,-5.46875,7.03125,-1.5625,-0.78125,0.140544,0.105,0.09,2.795208667124437,7.0588235294117645
2025-05-15T14:24:48.534942,mild,main,777.25,14.901960784313726,3.0,54,2.7450980392156863,54,24,16.0,5.55,32,-5.46875,7.03125,-1.5625,-0.78125,0.140544,0.105,0.09,2.795208667124437,7.0588235294117645
2025-05-15T14:24:49.038275,mild,main,534.0,17.647058823529413,4.0,54,2.7450980392156863,54,24,16.0,5.55,32,-5.46875,7.03125,-1.5625,-0.78125,0.140544,0.105,0.09,2.795208667124437,7.0588235294117645
2025-05-15T14:24:49.543370,mild,main,937.0,16.862745098039216,6.0,54,2.7450980392156863,54,24,16.0,5.55,32,-5.46875,7.03125,-1.5625,-0.78125,0.140544,0.105,0.09,2.795208667124437,7.0588235294117645
2025-05-15T14:24:50.048465,mild,main,852.0,16.07843137254902,9.0,54,2.7450980392156863,54,24,16.0,5.55,32,-5.46875,7.03125,-1.5625,-0.78125,0.140544,0.105,0.09,2.795208667124437,7.0588235294117645
2025-05-15T14:24:50.553514,mild,main,1091.5,15.686274509803921,11.0,54,2.7450980392156863,54,24,16.0,5.55,32,-5.46875,7.03125,-1.5625,-0.78125,0.140544,0.105,0.09,2.795208667124437,7.0588235294117645
2025-05-15T14:24:51.055253,mild,main,1168.75,15.294117647058824,11.0,54,2.7450980392156863,54,24,16.0,5.55,32,-5.46875,7.03125,-1.5625,-0.78125,0.140544,0.105,0.09,2.795208667124437,7.0588235294117645
2025-05-15T14:24:51.558332,mild,main,1307.0,16.862745098039216,12.0,54,2.7450980392156863,54,24,16.0,5.55,32,-5.46875,7.03125,-1.5625,-0.78125,0.140544,0.105,0.09,2.795208667124437,7.0588235294117645
2025-05-15T14:24:52.063152,mild,main,1473.25,19.215686274509803,14.0,54,2.7450980392156863,54,24,16.0,5.55,32,-5.46875,7.03125,-1.5625,-0.78125,0.140544,0.105,0.09,2.795208667124437,7.0588235294117645
2025-05-15T14:24:52.564560,mild,main,1766.25,20.0,17.0,54,2.7450980392156863,54,24,16.0,5.55,32,-5.46875,7.03125,-1.5625,-0.78125,0.140544,0.105,0.09,2.795208667124437,7.0588235294117645
2025-05-15T14:24:53.069186,mild,main,2109.75,20.392156862745097,19.0,54,2.7450980392156863,54,24,16.0,5.55,32,-5.46875,7.03125,-1.5625,-0.78125,0.140544,0.105,0.09,2.795208667124437,7.0588235294117645
2025-05-15T14:24:53.569381,mild,main,2329.75,14.509803921568627,20.0,54,2.7450980392156863,54,24,16.0,5.55,32,-5.46875,7.03125,-1.5625,-0.78125,0.140544,0.105,0.09,2.795208667124437,7.0588235294117645
2025-05-15T14:24:54.074471,mild,main,1499.5,16.470588235294116,20.0,54,2.7450980392156863,54,24,16.0,5.55,32,-5.46875,7.03125,-1.5625,-0.78125,0.140544,0.105,0.09,2.795208667124437,7.0588235294117645
2025-05-15T14:24:54.576937,mild,main,1553.5,20.0,21.0,54,2.7450980392156863,54,24,16.0,5.55,32,-5.46875,7.03125,-1.5625,-0.78125,0.140544,0.105,0.09,2.795208667124437,7.0588235294117645
2025-05-15T14:24:55.082010,mild,main,1666.75,20.0,23.0,54,2.7450980392156863,54,24,16.0,5.55,32,-5.46875,7.03125,-1.5625,-0.78125,0.140544,0.105,0.09,2.795208667124437,7.0588235294117645
2025-05-15T14:24:55.587083,mild,main,1832.25,18.431372549019606,25.0,54,2.7450980392156863,54,24,16.0,5.55,32,-5.46875,7.03125,-1.5625,-0.78125,0.140544,0.105,0.09,2.795208667124437,7.0588235294117645
2025-05-15T14:24:56.087923,mild,main,1931.25,15.294117647058824,26.0,54,2.7450980392156863,54,24,16.0,5.55,32,-5.46875,7.03125,-1.5625,-0.78125,0.140544,0.105,0.09,2.795208667124437,7.0588235294117645
2025-05-15T14:24:56.593009,mild,main,1869.25,14.509803921568627,24.0,54,2.7450980392156863,54,24,16.0,5.55,32,-5.46875,7.03125,-1.5625,-0.78125,0.140544,0.105,0.09,2.795208667124437,7.0588235294117645
2025-05-15T14:24:57.098088,mild,main,1792.0,14.117647058823529,23.0,54,2.7450980392156863,54,24,16.0,5.55,32,-5.46875,7.03125,-1.5625,-0.78125,0.140544,0.105,0.09,2.795208667124437,7.0588235294117645
2025-05-15T14:24:57.599974,mild,main,1642.25,14.117647058823529,21.0,54,2.7450980392156863,54,24,16.0,5.55,32,-5.46875,7.03125,-1.5625,-0.78125,0.140544,0.105,0.09,2.795208667124437,7.0588235294117645
2025-05-15T14:24:58.104037,mild,main,1478.0,14.117647058823529,20.0,54,2.7450980392156863,54,24,16.0,5.55,32,-5.46875,7.03125,-1.5625,-0.78125,0.140544,0.105,0.09,2.795208667124437,7.0588235294117645
2025-05-15T14:24:58.609057,mild,main,1081.0,13.333333333333334,20.0,54,2.7450980392156863,54,24,16.0,5.55,32,-5.46875,7.03125,-1.5625,-0.78125,0.140544,0.105,0.09,2.795208667124437,7.0588235294117645
2025-05-15T14:24:59.114113,mild,main,882.75,13.333333333333334,19.0,54,2.7450980392156863,54,24,16.0,5.55,32,-5.46875,7.03125,-1.5625,-0.78125,0.140544,0.105,0.09,2.795208667124437,7.0588235294117645
2025-05-15T14:24:59.619230,mild,main,747.5,13.72549019607843,18.0,54,2.7450980392156863,54,24,16.0,5.55,32,-5.46875,7.03125,-1.5625,-0.78125,0.140544,0.105,0.09,2.795208667124437,7.0588235294117645
2025-05-15T14:25:00.124283,mild,main,891.0,13.333333333333334,17.0,54,2.7450980392156863,54,24,16.0,5.55,32,-5.46875,7.03125,-1.5625,-0.78125,0.140544,0.105,0.09,2.795208667124437,7.0588235294117645
2025-05-15T14:25:00.625616,mild,main,920.25,12.941176470588236,15.0,54,2.7450980392156863,54,24,16.0,5.55,32,-5.46875,7.03125,-1.5625,-0.78125,0.140544,0.105,0.09,2.795208667124437,7.0588235294117645
2025-05-15T14:25:01.130713,mild,main,822.5,12.941176470588236,14.0,54,2.7450980392156863,54,24,16.0,5.55,32,-5.46875,7.03125,-1.5625,-0.78125,0.140544,0.105,0.09,2.795208667124437,7.0588235294117645
2025-05-15T14:25:01.635764,mild,main,999.25,13.333333333333334,12.0,54,2.7450980392156863,54,24,16.0,5.55,32,-5.46875,7.03125,-1.5625,-0.78125,0.140544,0.105,0.09,2.795208667124437,7.0588235294117645
2025-05-15T14:25:02.140880,mild,main,888.25,13.333333333333334,11.0,54,2.7450980392156863,54,24,16.0,5.55,32,-5.46875,7.03125,-1.5625,-0.78125,0.140544,0.105,0.09,2.795208667124437,7.0588235294117645
2025-05-15T14:25:02.644182,mild,main,819.5,16.470588235294116,11.0,54,2.7450980392156863,54,24,16.0,5.55,32,-5.46875,7.03125,-1.5625,-0.78125,0.140544,0.105,0.09,2.795208667124437,7.0588235294117645
2025-05-15T14:25:03.146673,mild,main,893.5,18.823529411764707,13.0,54,2.7450980392156863,54,24,16.0,5.55,32,-5.46875,7.03125,-1.5625,-0.78125,0.140544,0.105,0.09,2.795208667124437,7.0588235294117645
2025-05-15T14:25:03.651745,mild,main,1032.5,18.823529411764707,15.0,54,2.7450980392156863,54,24,16.0,5.55,32,-5.46875,7.03125,-1.5625,-0.78125,0.140544,0.105,0.09,2.795208667124437,7.0588235294117645
2025-05-15T14:25:04.153282,mild,main,1202.5,24.313725490196077,17.0,54,2.7450980392156863,54,24,16.0,5.55,32,-5.46875,7.03125,-1.5625,-0.78125,0.140544,0.105,0.09,2.795208667124437,7.0588235294117645
2025-05-15T14:25:04.658372,mild,main,1356.5,27.058823529411764,20.0,54,2.7450980392156863,54,24,16.0,5.55,32,-5.46875,7.03125,-1.5625,-0.78125,0.140544,0.105,0.09,2.795208667124437,7.0588235294117645
2025-05-15T14:25:05.163449,mild,main,1625.75,27.058823529411764,23.0,54,2.7450980392156863,54,24,16.0,5.55,32,-5.46875,7.03125,-1.5625,-0.78125,0.140544,0.105,0.09,2.795208667124437,7.0588235294117645
2025-05-15T14:25:05.668900,mild,main,1948.25,28.235294117647058,28.0,54,2.7450980392156863,54,24,16.0,5.55,32,-5.46875,7.03125,-1.5625,-0.78125,0.140544,0.105,0.09,2.795208667124437,7.0588235294117645
2025-05-15T14:25:06.170689,mild,main,2316.0,28.627450980392158,32.0,54,2.7450980392156863,54,24,16.0,5.55,32,-5.46875,7.03125,-1.5625,-0.78125,0.140544,0.105,0.09,2.795208667124437,7.0588235294117645
2025-05-15T14:25:06.675407,mild,main,2654.0,23.529411764705884,36.0,54,2.7450980392156863,54,24,16.0,5.55,32,-5.46875,7.03125,-1.5625,-0.78125,0.140544,0.105,0.09,2.795208667124437,7.0588235294117645
2025-05-15T14:25:07.177155,mild,main,2785.25,15.686274509803921,37.0,54,2.7450980392156863,54,24,16.0,5.55,32,-5.46875,7.03125,-1.5625,-0.78125,0.140544,0.105,0.09,2.795208667124437,7.0588235294117645
2025-05-15T14:25:07.679112,mild,main,2010.0,18.823529411764707,36.0,54,2.7450980392156863,54,24,16.0,5.55,32,-5.46875,7.03125,-1.5625,-0.78125,0.140544,0.105,0.09,2.795208667124437,7.0588235294117645
2025-05-15T14:25:08.184196,mild,main,2081.5,21.176470588235293,37.0,54,2.7450980392156863,54,24,16.0,5.55,32,-5.46875,7.03125,-1.5625,-0.78125,0.140544,0.105,0.09,2.795208667124437,7.0588235294117645
2025-05-15T14:25:08.687123,mild,main,2172.25,24.313725490196077,40.0,54,2.7450980392156863,54,24,16.0,5.55,32,-5.46875,7.03125,-1.5625,-0.78125,0.140544,0.105,0.09,2.795208667124437,7.0588235294117645
2025-05-15T14:25:09.191856,mild,main,2334.0,24.705882352941178,42.0,54,2.7450980392156863,54,24,16.0,5.55,32,-5.46875,7.03125,-1.5625,-0.78125,0.140544,0.105,0.09,2.795208667124437,7.0588235294117645
2025-05-15T14:25:09.694381,mild,main,2455.0,22.745098039215687,45.0,54,2.7450980392156863,54,24,16.0,5.55,32,-5.46875,7.03125,-1.5625,-0.78125,0.140544,0.105,0.09,2.795208667124437,7.0588235294117645
2025-05-15T14:25:10.199413,mild,main,2580.25,21.176470588235293,46.0,54,2.7450980392156863,54,24,16.0,5.55,32,-5.46875,7.03125,-1.5625,-0.78125,0.140544,0.105,0.09,2.795208667124437,7.0588235294117645
2025-05-15T14:25:10.701151,mild,main,2625.25,19.607843137254903,47.0,54,2.7450980392156863,54,24,16.0,5.55,32,-5.46875,7.03125,-1.5625,-0.78125,0.140544,0.105,0.09,2.795208667124437,7.0588235294117645
2025-05-15T14:25:11.203541,mild,main,2657.25,18.03921568627451,47.0,54,2.7450980392156863,54,24,16.0,5.55,32,-5.46875,7.03125,-1.5625,-0.78125,0.140544,0.105,0.09,2.795208667124437,7.0588235294117645
2025-05-15T14:25:11.708133,mild,main,2638.25,17.254901960784313,47.0,54,2.7450980392156863,54,24,16.0,5.55,32,-5.46875,7.03125,-1.5625,-0.78125,0.140544,0.105,0.09,2.795208667124437,7.0588235294117645
2025-05-15T14:25:12.213241,mild,main,2603.75,15.686274509803921,46.0,54,2.7450980392156863,54,24,16.0,5.55,32,-5.46875,7.03125,-1.5625,-0.78125,0.140544,0.105,0.09,2.795208667124437,7.0588235294117645
2025-05-15T14:25:12.718305,mild,main,2521.5,15.294117647058824,44.0,54,2.7450980392156863,54,24,16.0,5.55,32,-5.46875,7.03125,-1.5625,-0.78125,0.140544,0.105,0.09,2.795208667124437,7.0588235294117645
2025-05-15T14:25:13.223403,mild,main,2428.0,14.901960784313726,42.0,54,4.705882352941177,60,23,20.0,9.07,32,-5.46875,7.03125,-1.5625,-0.78125,0.140544,0.105,0.09,2.795208667124437,7.0588235294117645
2025-05-15T14:25:14.489287,mild,main,2081.0,14.509803921568627,36.0,54,4.705882352941177,60,23,20.0,9.07,32,-5.46875,7.03125,-1.5625,-0.78125,0.140544,0.105,0.09,2.795208667124437,7.0588235294117645
2025-05-15T14:25:14.990047,mild,main,1935.25,14.509803921568627,35.0,54,4.705882352941177,60,23,20.0,9.07,32,-5.46875,7.03125,-1.5625,-0.78125,0.140544,0.105,0.09,2.795208667124437,7.0588235294117645
2025-05-15T14:25:15.494116,mild,main,1318.5,13.333333333333334,33.0,54,4.705882352941177,60,23,20.0,9.07,32,-5.46875,7.03125,-1.5625,-0.78125,0.140544,0.105,0.09,2.795208667124437,7.0588235294117645
2025-05-15T14:25:15.999198,mild,main,1004.5,12.941176470588236,29.0,54,4.705882352941177,60,23,20.0,9.07,32,-5.46875,7.03125,-1.5625,-0.78125,0.140544,0.105,0.09,2.795208667124437,7.0588235294117645
2025-05-15T14:25:16.502566,mild,main,827.5,12.941176470588236,24.0,54,4.705882352941177,60,23,20.0,9.07,32,-5.46875,7.03125,-1.5625,-0.78125,0.140544,0.105,0.09,2.795208667124437,7.0588235294117645
2025-05-15T14:25:17.005929,mild,main,777.5,12.941176470588236,19.0,54,4.705882352941177,60,23,20.0,9.07,32,-5.46875,7.03125,-1.5625,-0.78125,0.140544,0.105,0.09,2.795208667124437,7.0588235294117645
2025-05-15T14:25:17.506385,mild,main,909.0,12.941176470588236,14.0,54,4.705882352941177,60,23,20.0,9.07,32,-5.46875,7.03125,-1.5625,-0.78125,0.140544,0.105,0.09,2.795208667124437,7.0588235294117645
2025-05-15T14:25:18.010846,mild,main,934.75,12.941176470588236,13.0,54,4.705882352941177,60,23,20.0,9.07,32,-5.46875,7.03125,-1.5625,-0.78125,0.140544,0.105,0.09,2.795208667124437,7.0588235294117645
2025-05-15T14:25:18.515943,mild,main,789.75,12.941176470588236,9.0,54,4.705882352941177,60,23,20.0,9.07,32,-5.46875,7.03125,-1.5625,-0.78125,0.140544,0.105,0.09,2.795208667124437,7.0588235294117645
2025-05-15T14:25:19.018839,mild,main,818.0,12.941176470588236,4.0,54,4.705882352941177,60,23,20.0,9.07,32,-5.46875,7.03125,-1.5625,-0.78125,0.140544,0.105,0.09,2.795208667124437,7.0588235294117645
2025-05-15T14:25:19.523145,mild,main,786.75,16.470588235294116,4.0,54,4.705882352941177,60,23,20.0,9.07,32,-5.46875,7.03125,-1.5625,-0.78125,0.140544,0.105,0.09,2.795208667124437,7.0588235294117645
2025-05-15T14:25:20.028240,mild,main,653.25,24.313725490196077,8.0,54,4.705882352941177,60,23,20.0,9.07,32,-5.46875,7.03125,-1.5625,-0.78125,0.140544,0.105,0.09,2.795208667124437,7.0588235294117645
2025-05-15T14:25:20.529665,mild,main,1113.0,23.92156862745098,12.0,54,4.705882352941177,60,23,20.0,9.07,32,-5.46875,7.03125,-1.5625,-0.78125,0.140544,0.105,0.09,2.795208667124437,7.0588235294117645
2025-05-15T14:25:21.032398,mild,main,1517.0,24.313725490196077,16.0,54,4.705882352941177,60,23,20.0,9.07,32,-5.46875,7.03125,-1.5625,-0.78125,0.140544,0.105,0.09,2.795208667124437,7.0588235294117645
2025-05-15T14:25:21.537473,mild,main,1961.0,27.45098039215686,20.0,54,4.705882352941177,60,23,20.0,9.07,32,-5.46875,7.03125,-1.5625,-0.78125,0.140544,0.105,0.09,2.795208667124437,7.0588235294117645
2025-05-15T14:25:22.042101,mild,main,2642.25,33.333333333333336,25.0,54,4.705882352941177,60,23,20.0,9.07,32,-5.46875,7.03125,-1.5625,-0.78125,0.140544,0.105,0.09,2.795208667124437,7.0588235294117645
2025-05-15T14:25:22.547212,mild,main,3318.0,33.333333333333336,31.0,54,4.705882352941177,60,23,20.0,9.07,32,-5.46875,7.03125,-1.5625,-0.78125,0.140544,0.105,0.09,2.795208667124437,7.0588235294117645
2025-05-15T14:25:23.048769,mild,main,3839.5,16.862745098039216,33.0,54,4.705882352941177,60,23,20.0,9.07,32,-5.46875,7.03125,-1.5625,-0.78125,0.140544,0.105,0.09,2.795208667124437,7.0588235294117645
2025-05-15T14:25:23.553863,mild,main,3108.0,21.568627450980394,33.0,54,4.705882352941177,60,23,20.0,9.07,32,-5.46875,7.03125,-1.5625,-0.78125,0.140544,0.105,0.09,2.795208667124437,7.0588235294117645
2025-05-15T14:25:24.058934,mild,main,2604.75,28.627450980392158,36.0,54,4.705882352941177,60,23,20.0,9.07,32,-5.46875,7.03125,-1.5625,-0.78125,0.140544,0.105,0.09,2.795208667124437,7.0588235294117645
2025-05-15T14:25:24.563979,mild,main,2946.0,33.333333333333336,41.0,54,4.705882352941177,60,23,20.0,9.07,32,-5.46875,7.03125,-1.5625,-0.78125,0.140544,0.105,0.09,2.795208667124437,7.0588235294117645
2025-05-15T14:25:25.067706,mild,main,3247.25,33.72549019607843,45.0,54,4.705882352941177,60,23,20.0,9.07,32,-5.46875,7.03125,-1.5625,-0.78125,0.140544,0.105,0.09,2.795208667124437,7.0588235294117645
2025-05-15T14:25:25.572765,mild,main,3565.0,23.529411764705884,48.0,54,4.705882352941177,60,23,20.0,9.07,32,-5.46875,7.03125,-1.5625,-0.78125,0.140544,0.105,0.09,2.795208667124437,7.0588235294117645
2025-05-15T14:25:26.077802,mild,main,3358.0,16.470588235294116,47.0,54,4.705882352941177,60,23,20.0,9.07,32,-5.46875,7.03125,-1.5625,-0.78125,0.140544,0.105,0.09,2.795208667124437,7.0588235294117645
2025-05-15T14:25:26.582904,mild,main,2595.5,20.392156862745097,47.0,54,4.705882352941177,60,23,20.0,9.07,32,-5.46875,7.03125,-1.5625,-0.78125,0.140544,0.105,0.09,2.795208667124437,7.0588235294117645
2025-05-15T14:25:27.088049,mild,main,2674.25,21.176470588235293,47.0,54,4.705882352941177,60,23,20.0,9.07,32,-5.46875,7.03125,-1.5625,-0.78125,0.140544,0.105,0.09,2.795208667124437,7.0588235294117645
2025-05-15T14:25:27.593132,mild,main,2669.25,23.529411764705884,48.0,54,4.705882352941177,60,23,20.0,9.07,32,-5.46875,7.03125,-1.5625,-0.78125,0.140544,0.105,0.09,2.795208667124437,7.0588235294117645
2025-05-15T14:25:28.098191,mild,main,2789.25,25.49019607843137,50.0,54,4.705882352941177,60,23,20.0,9.07,32,-5.46875,7.03125,-1.5625,-0.78125,0.140544,0.105,0.09,2.795208667124437,7.0588235294117645
2025-05-15T14:25:28.603273,mild,main,2877.5,16.470588235294116,51.0,54,4.705882352941177,60,23,20.0,9.07,32,-5.46875,7.03125,-1.5625,-0.78125,0.140544,0.105,0.09,2.795208667124437,7.0588235294117645
2025-05-15T14:25:29.108323,mild,main,2542.5,15.294117647058824,50.0,54,4.705882352941177,60,23,20.0,9.07,32,-5.46875,7.03125,-1.5625,-0.78125,0.140544,0.105,0.09,2.795208667124437,7.0588235294117645
2025-05-15T14:25:29.613376,mild,main,2104.75,18.431372549019606,49.0,54,4.705882352941177,60,23,20.0,9.07,32,-5.46875,7.03125,-1.5625,-0.78125,0.140544,0.105,0.09,2.795208667124437,7.0588235294117645
2025-05-15T14:25:30.118407,mild,main,2120.0,21.568627450980394,49.0,54,4.705882352941177,60,23,20.0,9.07,32,-5.46875,7.03125,-1.5625,-0.78125,0.140544,0.105,0.09,2.795208667124437,7.0588235294117645
2025-05-15T14:25:30.623426,mild,main,2135.75,22.352941176470587,49.0,54,4.705882352941177,60,23,20.0,9.07,32,-5.46875,7.03125,-1.5625,-0.78125,0.140544,0.105,0.09,2.795208667124437,7.0588235294117645
2025-05-15T14:25:31.128440,mild,main,2142.25,22.352941176470587,50.0,54,4.705882352941177,60,23,20.0,9.07,32,-5.46875,7.03125,-1.5625,-0.78125,0.140544,0.105,0.09,2.795208667124437,7.0588235294117645
2025-05-15T14:25:31.630796,mild,main,2160.0,21.176470588235293,50.0,54,4.705882352941177,60,23,20.0,9.07,32,-5.46875,7.03125,-1.5625,-0.78125,0.140544,0.105,0.09,2.795208667124437,7.0588235294117645
2025-05-15T14:25:32.133429,mild,main,2184.0,21.176470588235293,51.0,54,4.705882352941177,60,23,20.0,9.07,32,-5.46875,7.03125,-1.5625,-0.78125,0.140544,0.105,0.09,2.795208667124437,7.0588235294117645
2025-05-15T14:25:32.638511,mild,main,2176.25,19.215686274509803,51.0,54,4.705882352941177,60,23,20.0,9.07,32,-5.46875,7.03125,-1.5625,-0.78125,0.140544,0.105,0.09,2.795208667124437,7.0588235294117645
2025-05-15T14:25:33.142506,mild,main,2184.75,22.352941176470587,51.0,54,4.705882352941177,60,23,20.0,9.07,32,-5.46875,7.03125,-1.5625,-0.78125,0.140544,0.105,0.09,2.795208667124437,7.0588235294117645
2025-05-15T14:25:33.646945,mild,main,2174.0,22.352941176470587,51.0,54,4.705882352941177,60,23,20.0,9.07,32,-5.46875,7.03125,-1.5625,-0.78125,0.140544,0.105,0.09,2.795208667124437,7.0588235294117645
2025-05-15T14:25:34.152011,mild,main,2197.0,18.823529411764707,51.0,54,4.705882352941177,60,23,20.0,9.07,32,-5.46875,7.03125,-1.5625,-0.78125,0.140544,0.105,0.09,2.795208667124437,7.0588235294117645
2025-05-15T14:25:34.654506,mild,main,2181.5,17.254901960784313,50.0,54,4.705882352941177,60,23,20.0,9.07,32,-5.46875,7.03125,-1.5625,-0.78125,0.140544,0.105,0.09,2.795208667124437,7.0588235294117645
2025-05-15T14:25:35.159641,mild,main,2157.0,21.568627450980394,50.0,54,4.705882352941177,60,23,20.0,9.07,32,-5.46875,7.03125,-1.5625,-0.78125,0.140544,0.105,0.09,2.795208667124437,7.0588235294117645
2025-05-15T14:25:35.660443,mild,main,2160.0,21.568627450980394,50.0,54,4.705882352941177,60,23,20.0,9.07,32,-5.46875,7.03125,-1.5625,-0.78125,0.140544,0.105,0.09,2.795208667124437,7.0588235294117645
2025-05-15T14:25:36.165469,mild,main,2180.0,21.96078431372549,51.0,54,4.705882352941177,60,23,20.0,9.07,32,-5.46875,7.03125,-1.5625,-0.78125,0.140544,0.105,0.09,2.795208667124437,7.0588235294117645
2025-05-15T14:25:36.670532,mild,main,2203.0,29.80392156862745,52.0,54,4.705882352941177,60,23,20.0,9.07,32,-5.46875,7.03125,-1.5625,-0.78125,0.140544,0.105,0.09,2.795208667124437,7.0588235294117645
2025-05-15T14:25:37.175266,mild,main,2269.25,25.88235294117647,53.0,54,4.705882352941177,60,23,20.0,9.07,32,-5.46875,7.03125,-1.5625,-0.78125,0.140544,0.105,0.09,2.795208667124437,7.0588235294117645
2025-05-15T14:25:37.680299,mild,main,2312.75,22.745098039215687,54.0,54,4.705882352941177,60,23,20.0,9.07,32,-5.46875,7.03125,-1.5625,-0.78125,0.140544,0.105,0.09,2.795208667124437,7.0588235294117645
2025-05-15T14:25:38.183584,mild,main,2306.75,15.686274509803921,53.0,54,4.705882352941177,60,23,20.0,9.07,32,-5.46875,7.03125,-1.5625,-0.78125,0.140544,0.105,0.09,2.795208667124437,7.0588235294117645
2025-05-15T14:25:38.685051,mild,main,1329.0,15.294117647058824,52.0,54,4.705882352941177,60,23,20.0,9.07,32,-5.46875,7.03125,-1.5625,-0.78125,0.140544,0.105,0.09,2.795208667124437,7.0588235294117645
2025-05-15T14:25:39.190151,mild,main,1602.0,16.862745098039216,50.0,54,4.705882352941177,60,23,20.0,9.07,32,-5.46875,7.03125,-1.5625,-0.78125,0.140544,0.105,0.09,2.795208667124437,7.0588235294117645
2025-05-15T14:25:39.695198,mild,main,1582.0,25.49019607843137,50.0,54,4.705882352941177,60,23,20.0,9.07,32,-5.46875,7.03125,-1.5625,-0.78125,0.140544,0.105,0.09,2.795208667124437,7.0588235294117645
2025-05-15T14:25:40.200316,mild,main,1591.25,29.80392156862745,51.0,54,4.705882352941177,60,23,20.0,9.07,32,-5.46875,7.03125,-1.5625,-0.78125,0.140544,0.105,0.09,2.795208667124437,7.0588235294117645
2025-05-15T14:25:40.700877,mild,main,1625.0,29.80392156862745,52.0,54,4.705882352941177,60,23,20.0,9.07,32,-5.46875,7.03125,-1.5625,-0.78125,0.140544,0.105,0.09,2.795208667124437,7.0588235294117645
2025-05-15T14:25:41.202086,mild,main,1643.0,29.80392156862745,53.0,54,4.705882352941177,60,23,20.0,9.07,32,-5.46875,7.03125,-1.5625,-0.78125,0.140544,0.105,0.09,2.795208667124437,7.0588235294117645
2025-05-15T14:25:41.704617,mild,main,1677.75,29.80392156862745,54.0,54,4.705882352941177,60,23,20.0,9.07,32,-5.46875,7.03125,-1.5625,-0.78125,0.140544,0.105,0.09,2.795208667124437,7.0588235294117645
2025-05-15T14:25:42.209691,mild,main,1676.5,21.568627450980394,55.0,54,4.705882352941177,60,23,20.0,9.07,32,-5.46875,7.03125,-1.5625,-0.78125,0.140544,0.105,0.09,2.795208667124437,7.0588235294117645
2025-05-15T14:25:42.710339,mild,main,1734.5,21.568627450980394,55.0,54,4.705882352941177,60,23,20.0,9.07,32,-5.46875,7.03125,-1.5625,-0.78125,0.140544,0.105,0.09,2.795208667124437,7.0588235294117645
2025-05-15T14:25:43.215415,mild,main,1743.25,29.41176470588235,56.0,54,4.705882352941177,60,23,20.0,9.07,32,-5.46875,7.03125,-1.5625,-0.78125,0.140544,0.105,0.09,2.795208667124437,7.0588235294117645
2025-05-15T14:25:43.719303,mild,main,1736.75,29.019607843137255,57.0,54,4.705882352941177,60,23,20.0,9.07,32,-5.46875,7.03125,-1.5625,-0.78125,0.140544,0.105,0.09,2.795208667124437,7.0588235294117645
2025-05-15T14:25:44.220617,mild,main,1766.5,19.607843137254903,57.0,54,4.705882352941177,60,23,20.0,9.07,32,-5.46875,7.03125,-1.5625,-0.78125,0.140544,0.105,0.09,2.795208667124437,7.0588235294117645
2025-05-15T14:25:44.724234,mild,main,1769.5,19.607843137254903,57.0,54,4.705882352941177,60,23,20.0,9.07,32,-5.46875,7.03125,-1.5625,-0.78125,0.140544,0.105,0.09,2.795208667124437,7.0588235294117645
2025-05-15T14:25:45.229309,mild,main,1787.75,22.352941176470587,57.0,54,4.705882352941177,60,23,20.0,9.07,32,-5.46875,7.03125,-1.5625,-0.78125,0.140544,0.105,0.09,2.795208667124437,7.0588235294117645
2025-05-15T14:25:45.734347,mild,main,1792.0,23.529411764705884,58.0,54,4.705882352941177,60,23,20.0,9.07,32,-5.46875,7.03125,-1.5625,-0.78125,0.140544,0.105,0.09,2.795208667124437,7.0588235294117645
2025-05-15T14:25:46.239424,mild,main,1800.75,24.313725490196077,58.0,54,4.705882352941177,60,23,20.0,9.07,32,-5.46875,7.03125,-1.5625,-0.78125,0.140544,0.105,0.09,2.795208667124437,7.0588235294117645
2025-05-15T14:25:46.744480,mild,main,1833.5,24.705882352941178,59.0,54,4.705882352941177,60,23,20.0,9.07,32,-5.46875,7.03125,-1.5625,-0.78125,0.140544,0.105,0.09,2.795208667124437,7.0588235294117645
2025-05-15T14:25:47.247699,mild,main,1835.0,24.705882352941178,60.0,54,4.705882352941177,60,23,20.0,9.07,32,-5.46875,7.03125,-1.5625,-0.78125,0.140544,0.105,0.09,2.795208667124437,7.0588235294117645
2025-05-15T14:25:47.752782,mild,main,1860.75,23.137254901960784,60.0,54,4.705882352941177,60,23,20.0,9.07,32,-5.46875,7.03125,-1.5625,-0.78125,0.140544,0.105,0.09,2.795208667124437,7.0588235294117645
2025-05-15T14:25:48.257881,mild,main,1885.25,19.607843137254903,60.0,54,4.705882352941177,60,23,20.0,9.07,32,-5.46875,7.03125,-1.5625,-0.78125,0.140544,0.105,0.09,2.795208667124437,7.0588235294117645
2025-05-15T14:25:49.293405,mild,main,1864.5,16.07843137254902,60.0,54,4.705882352941177,60,23,20.0,9.07,32,-5.46875,7.03125,-1.5625,-0.78125,0.140544,0.105,0.09,2.795208667124437,7.0588235294117645
2025-05-15T14:25:49.795817,mild,main,1841.0,15.294117647058824,59.0,54,4.705882352941177,60,23,20.0,9.07,32,-5.46875,7.03125,-1.5625,-0.78125,0.140544,0.105,0.09,2.795208667124437,7.0588235294117645
2025-05-15T14:25:50.296120,mild,main,1839.75,15.294117647058824,59.0,54,4.705882352941177,60,23,20.0,9.07,32,-5.46875,7.03125,-1.5625,-0.78125,0.140544,0.105,0.09,2.795208667124437,7.0588235294117645
2025-05-15T14:25:50.801192,mild,main,1817.75,16.07843137254902,58.0,54,4.705882352941177,60,23,20.0,9.07,32,-5.46875,7.03125,-1.5625,-0.78125,0.140544,0.105,0.09,2.795208667124437,7.0588235294117645
2025-05-15T14:25:51.306210,mild,main,1819.5,15.686274509803921,58.0,54,4.705882352941177,60,23,20.0,9.07,32,-5.46875,7.03125,-1.5625,-0.78125,0.140544,0.105,0.09,2.795208667124437,7.0588235294117645
2025-05-15T14:25:51.810210,mild,main,1799.5,15.686274509803921,58.0,54,4.705882352941177,60,23,20.0,9.07,32,-5.46875,7.03125,-1.5625,-0.78125,0.140544,0.105,0.09,2.795208667124437,7.0588235294117645
2025-05-15T14:25:52.315318,mild,main,1803.0,15.686274509803921,58.0,54,4.705882352941177,60,23,20.0,9.07,32,-5.46875,7.03125,-1.5625,-0.78125,0.140544,0.105,0.09,2.795208667124437,7.0588235294117645
2025-05-15T14:25:52.817427,mild,main,1817.75,15.686274509803921,58.0,54,4.705882352941177,60,23,20.0,9.07,32,-5.46875,7.03125,-1.5625,-0.78125,0.140544,0.105,0.09,2.795208667124437,7.0588235294117645
2025-05-15T14:25:53.321620,mild,main,1809.75,16.07843137254902,58.0,54,4.705882352941177,60,23,20.0,9.07,32,-5.46875,7.03125,-1.5625,-0.78125,0.140544,0.105,0.09,2.795208667124437,7.0588235294117645
2025-05-15T14:25:53.826719,mild,main,1825.5,15.294117647058824,59.0,54,4.705882352941177,60,23,20.0,9.07,32,-5.46875,7.03125,-1.5625,-0.78125,0.140544,0.105,0.09,2.795208667124437,7.0588235294117645
2025-05-15T14:25:54.331766,mild,main,1826.0,15.294117647058824,59.0,54,4.705882352941177,60,23,20.0,9.07,32,-5.46875,7.03125,-1.5625,-0.78125,0.140544,0.105,0.09,2.795208667124437,7.0588235294117645
2025-05-15T14:25:54.834168,mild,main,1829.0,15.686274509803921,59.0,54,4.705882352941177,60,23,20.0,9.07,32,-5.46875,7.03125,-1.5625,-0.78125,0.140544,0.105,0.09,2.795208667124437,7.0588235294117645
2025-05-15T14:25:55.335620,mild,main,1835.75,16.07843137254902,59.0,54,4.705882352941177,60,23,20.0,9.07,32,-5.46875,7.03125,-1.5625,-0.78125,0.140544,0.105,0.09,2.795208667124437,7.0588235294117645
2025-05-15T14:25:55.839096,mild,main,1842.25,16.470588235294116,59.0,54,4.705882352941177,60,23,20.0,9.07,32,-5.46875,7.03125,-1.5625,-0.78125,0.140544,0.105,0.09,2.795208667124437,7.0588235294117645
2025-05-15T14:25:56.353927,mild,main,1844.75,15.294117647058824,60.0,54,4.705882352941177,60,23,20.0,9.07,32,-5.46875,7.03125,-1.5625,-0.78125,0.140544,0.105,0.09,2.795208667124437,7.0588235294117645
2025-05-15T14:25:56.858373,mild,main,1851.5,14.901960784313726,60.0,54,4.705882352941177,60,23,20.0,9.07,32,-5.46875,7.03125,-1.5625,-0.78125,0.140544,0.105,0.09,2.795208667124437,7.0588235294117645
2025-05-15T14:25:57.361629,mild,main,1852.5,15.294117647058824,59.0,54,4.705882352941177,60,23,20.0,9.07,32,-5.46875,7.03125,-1.5625,-0.78125,0.140544,0.105,0.09,2.795208667124437,7.0588235294117645
2025-05-15T14:25:57.866726,mild,main,1842.75,16.07843137254902,59.0,54,4.705882352941177,60,23,20.0,9.07,32,-5.46875,7.03125,-1.5625,-0.78125,0.140544,0.105,0.09,2.795208667124437,7.0588235294117645
2025-05-15T14:25:58.371819,mild,main,1837.0,16.07843137254902,60.0,54,4.705882352941177,60,23,20.0,9.07,32,-5.46875,7.03125,-1.5625,-0.78125,0.140544,0.105,0.09,2.795208667124437,7.0588235294117645
2025-05-15T14:25:58.876897,mild,main,1841.0,15.686274509803921,59.0,54,4.705882352941177,60,23,20.0,9.07,32,-5.46875,7.03125,-1.5625,-0.78125,0.140544,0.105,0.09,2.795208667124437,7.0588235294117645
2025-05-15T14:25:59.382006,mild,main,1857.0,17.647058823529413,59.0,54,4.705882352941177,60,23,20.0,9.07,38,0.78125,0.78125,0.0,-0.78125,0.140544,0.105,0.09,2.795208667124437,7.0588235294117645
2025-05-15T14:26:00.618762,mild,main,1840.0,16.07843137254902,59.0,54,4.705882352941177,60,23,20.0,9.07,38,0.78125,0.78125,0.0,-0.78125,0.140544,0.105,0.09,2.795208667124437,7.0588235294117645
2025-05-15T14:26:01.123841,mild,main,1860.0,18.03921568627451,60.0,54,4.705882352941177,60,23,20.0,9.07,38,0.78125,0.78125,0.0,-0.78125,0.140544,0.105,0.09,2.795208667124437,7.0588235294117645
2025-05-15T14:26:01.624085,mild,main,1852.25,18.03921568627451,60.0,54,4.705882352941177,60,23,20.0,9.07,38,0.78125,0.78125,0.0,-0.78125,0.140544,0.105,0.09,2.795208667124437,7.0588235294117645
2025-05-15T14:26:02.125156,mild,main,1863.0,18.431372549019606,60.0,54,4.705882352941177,60,23,20.0,9.07,38,0.78125,0.78125,0.0,-0.78125,0.140544,0.105,0.09,2.795208667124437,7.0588235294117645
2025-05-15T14:26:02.632489,mild,main,1882.75,18.431372549019606,61.0,54,4.705882352941177,60,23,20.0,9.07,38,0.78125,0.78125,0.0,-0.78125,0.140544,0.105,0.09,2.795208667124437,7.0588235294117645
2025-05-15T14:26:03.137422,mild,main,1911.75,18.03921568627451,61.0,54,4.705882352941177,60,23,20.0,9.07,38,0.78125,0.78125,0.0,-0.78125,0.140544,0.105,0.09,2.795208667124437,7.0588235294117645
2025-05-15T14:26:03.641650,mild,main,1921.25,16.862745098039216,62.0,54,4.705882352941177,60,23,20.0,9.07,38,0.78125,0.78125,0.0,-0.78125,0.140544,0.105,0.09,2.795208667124437,7.0588235294117645
2025-05-15T14:26:04.146727,mild,main,1917.0,16.470588235294116,62.0,54,4.705882352941177,60,23,20.0,9.07,38,0.78125,0.78125,0.0,-0.78125,0.140544,0.105,0.09,2.795208667124437,7.0588235294117645
2025-05-15T14:26:04.649778,mild,main,1926.75,17.647058823529413,62.0,54,4.705882352941177,60,23,20.0,9.07,38,0.78125,0.78125,0.0,-0.78125,0.140544,0.105,0.09,2.795208667124437,7.0588235294117645
2025-05-15T14:26:05.154890,mild,main,1921.75,19.215686274509803,62.0,54,4.705882352941177,60,23,20.0,9.07,38,0.78125,0.78125,0.0,-0.78125,0.140544,0.105,0.09,2.795208667124437,7.0588235294117645
2025-05-15T14:26:05.659780,mild,main,1938.5,18.03921568627451,63.0,54,4.705882352941177,60,23,20.0,9.07,38,0.78125,0.78125,0.0,-0.78125,0.140544,0.105,0.09,2.795208667124437,7.0588235294117645
2025-05-15T14:26:06.160654,mild,main,1946.75,16.862745098039216,63.0,54,4.705882352941177,60,23,20.0,9.07,38,0.78125,0.78125,0.0,-0.78125,0.140544,0.105,0.09,2.795208667124437,7.0588235294117645
2025-05-15T14:26:06.665703,mild,main,1960.75,16.862745098039216,63.0,54,4.705882352941177,60,23,20.0,9.07,38,0.78125,0.78125,0.0,-0.78125,0.140544,0.105,0.09,2.795208667124437,7.0588235294117645
2025-05-15T14:26:07.168715,mild,main,1942.75,16.470588235294116,62.0,54,4.705882352941177,60,23,20.0,9.07,38,0.78125,0.78125,0.0,-0.78125,0.140544,0.105,0.09,2.795208667124437,7.0588235294117645
2025-05-15T14:26:07.673794,mild,main,1933.25,16.07843137254902,62.0,54,4.705882352941177,60,23,20.0,9.07,38,0.78125,0.78125,0.0,-0.78125,0.140544,0.105,0.09,2.795208667124437,7.0588235294117645
2025-05-15T14:26:08.177772,mild,main,1914.0,16.07843137254902,62.0,54,4.705882352941177,60,23,20.0,9.07,38,0.78125,0.78125,0.0,-0.78125,0.140544,0.105,0.09,2.795208667124437,7.0588235294117645
2025-05-15T14:26:08.678071,mild,main,1908.5,16.07843137254902,61.0,54,4.705882352941177,60,23,20.0,9.07,38,0.78125,0.78125,0.0,-0.78125,0.140544,0.105,0.09,2.795208667124437,7.0588235294117645
2025-05-15T14:26:09.181840,mild,main,1905.5,18.03921568627451,61.0,54,4.705882352941177,60,23,20.0,9.07,38,0.78125,0.78125,0.0,-0.78125,0.140544,0.105,0.09,2.795208667124437,7.0588235294117645
2025-05-15T14:26:09.686901,mild,main,1930.75,19.215686274509803,61.0,54,4.705882352941177,60,23,20.0,9.07,38,0.78125,0.78125,0.0,-0.78125,0.140544,0.105,0.09,2.795208667124437,7.0588235294117645
2025-05-15T14:26:10.191640,mild,main,1905.0,19.215686274509803,61.0,54,4.705882352941177,60,23,20.0,9.07,38,0.78125,0.78125,0.0,-0.78125,0.140544,0.105,0.09,2.795208667124437,7.0588235294117645
2025-05-15T14:26:10.694905,mild,main,1902.25,18.431372549019606,61.0,54,4.705882352941177,60,23,20.0,9.07,38,0.78125,0.78125,0.0,-0.78125,0.140544,0.105,0.09,2.795208667124437,7.0588235294117645
2025-05-15T14:26:11.199422,mild,main,1918.5,18.431372549019606,61.0,54,4.705882352941177,60,23,20.0,9.07,38,0.78125,0.78125,0.0,-0.78125,0.140544,0.105,0.09,2.795208667124437,7.0588235294117645
2025-05-15T14:26:11.701951,mild,main,1900.75,18.431372549019606,61.0,54,4.705882352941177,60,23,20.0,9.07,38,0.78125,0.78125,0.0,-0.78125,0.140544,0.105,0.09,2.795208667124437,7.0588235294117645
2025-05-15T14:26:12.206358,mild,main,1896.0,18.431372549019606,61.0,54,4.705882352941177,60,23,20.0,9.07,38,0.78125,0.78125,0.0,-0.78125,0.140544,0.105,0.09,2.795208667124437,7.0588235294117645
2025-05-15T14:26:12.708251,mild,main,1898.5,18.431372549019606,61.0,54,4.705882352941177,60,23,20.0,9.07,38,0.78125,0.78125,0.0,-0.78125,0.140544,0.105,0.09,2.795208667124437,7.0588235294117645
2025-05-15T14:26:13.212405,mild,main,1904.75,18.431372549019606,61.0,54,4.705882352941177,60,23,20.0,9.07,38,0.78125,0.78125,0.0,-0.78125,0.140544,0.105,0.09,2.795208667124437,7.0588235294117645
2025-05-15T14:26:13.717509,mild,main,1906.75,18.431372549019606,61.0,54,4.705882352941177,60,23,20.0,9.07,38,0.78125,0.78125,0.0,-0.78125,0.140544,0.105,0.09,2.795208667124437,7.0588235294117645
2025-05-15T14:26:14.221986,mild,main,1895.25,17.254901960784313,61.0,54,4.705882352941177,60,23,20.0,9.07,38,0.78125,0.78125,0.0,-0.78125,0.140544,0.105,0.09,2.795208667124437,7.0588235294117645
2025-05-15T14:26:14.727056,mild,main,1875.0,17.254901960784313,60.0,54,4.705882352941177,60,23,20.0,9.07,38,0.78125,0.78125,0.0,-0.78125,0.140544,0.105,0.09,2.795208667124437,7.0588235294117645
2025-05-15T14:26:15.232137,mild,main,1869.25,16.470588235294116,60.0,54,4.705882352941177,60,23,20.0,9.07,38,0.78125,0.78125,0.0,-0.78125,0.140544,0.105,0.09,2.795208667124437,7.0588235294117645
2025-05-15T14:26:15.737221,mild,main,1852.25,16.07843137254902,59.0,54,4.705882352941177,60,23,20.0,9.07,38,0.78125,0.78125,0.0,-0.78125,0.140544,0.105,0.09,2.795208667124437,7.0588235294117645
2025-05-15T14:26:16.242258,mild,main,1811.75,15.686274509803921,58.0,54,4.705882352941177,60,23,20.0,9.07,38,0.78125,0.78125,0.0,-0.78125,0.140544,0.105,0.09,2.795208667124437,7.0588235294117645
2025-05-15T14:26:16.743319,mild,main,1788.75,14.901960784313726,57.0,54,4.705882352941177,60,23,20.0,9.07,38,0.78125,0.78125,0.0,-0.78125,0.140544,0.105,0.09,2.795208667124437,7.0588235294117645
2025-05-15T14:26:17.248372,mild,main,1776.0,15.686274509803921,56.0,54,4.705882352941177,60,23,20.0,9.07,38,0.78125,0.78125,0.0,-0.78125,0.140544,0.105,0.09,2.795208667124437,7.0588235294117645
2025-05-15T14:26:17.753452,mild,main,1731.0,16.862745098039216,56.0,54,4.705882352941177,60,23,20.0,9.07,38,0.78125,0.78125,0.0,-0.78125,0.140544,0.105,0.09,2.795208667124437,7.0588235294117645
2025-05-15T14:26:18.256255,mild,main,1736.75,18.823529411764707,56.0,54,4.705882352941177,60,23,20.0,9.07,38,0.78125,0.78125,0.0,-0.78125,0.140544,0.105,0.09,2.795208667124437,7.0588235294117645
2025-05-15T14:26:18.760561,mild,main,1726.0,16.07843137254902,56.0,54,4.705882352941177,60,23,20.0,9.07,38,0.78125,0.78125,0.0,-0.78125,0.140544,0.105,0.09,2.795208667124437,7.0588235294117645
2025-05-15T14:26:19.264379,mild,main,1708.5,14.509803921568627,55.0,54,4.705882352941177,60,23,20.0,9.07,38,0.78125,0.78125,0.0,-0.78125,0.140544,0.105,0.09,2.795208667124437,7.0588235294117645
2025-05-15T14:26:19.769489,mild,main,1685.75,14.117647058823529,54.0,54,4.705882352941177,60,23,20.0,9.07,38,0.78125,0.78125,0.0,-0.78125,0.140544,0.105,0.09,2.795208667124437,7.0588235294117645
2025-05-15T14:26:20.274562,mild,main,1640.0,14.117647058823529,52.0,54,4.705882352941177,60,23,20.0,9.07,38,0.78125,0.78125,0.0,-0.78125,0.140544,0.105,0.09,2.795208667124437,7.0588235294117645
2025-05-15T14:26:20.775254,mild,main,1614.25,13.72549019607843,51.0,54,4.705882352941177,60,23,20.0,9.07,38,0.78125,0.78125,0.0,-0.78125,0.140544,0.105,0.09,2.795208667124437,7.0588235294117645
2025-05-15T14:26:21.280307,mild,main,1349.0,13.333333333333334,50.0,54,4.705882352941177,60,23,20.0,9.07,38,0.78125,0.78125,0.0,-0.78125,0.140544,0.105,0.09,2.795208667124437,7.0588235294117645
2025-05-15T14:26:21.785414,mild,main,1024.5,12.549019607843137,49.0,54,4.705882352941177,60,23,20.0,9.07,38,0.78125,0.78125,0.0,-0.78125,0.140544,0.105,0.09,2.795208667124437,7.0588235294117645
2025-05-15T14:26:22.290456,mild,main,836.25,12.549019607843137,48.0,54,4.705882352941177,60,23,20.0,9.07,38,0.78125,0.78125,0.0,-0.78125,0.140544,0.105,0.09,2.795208667124437,7.0588235294117645
2025-05-15T14:26:22.791068,mild,main,847.0,12.549019607843137,47.0,54,4.705882352941177,60,23,20.0,9.07,38,0.78125,0.78125,0.0,-0.78125,0.140544,0.105,0.09,2.795208667124437,7.0588235294117645
2025-05-15T14:26:23.296108,mild,main,706.75,12.941176470588236,46.0,54,4.705882352941177,60,23,20.0,9.07,38,0.78125,0.78125,0.0,-0.78125,0.140544,0.105,0.09,2.795208667124437,7.0588235294117645
2025-05-15T14:26:23.797284,mild,main,759.25,12.549019607843137,45.0,54,4.705882352941177,60,23,20.0,9.07,38,0.78125,0.78125,0.0,-0.78125,0.140544,0.105,0.09,2.795208667124437,7.0588235294117645
2025-05-15T14:26:24.302396,mild,main,878.75,12.549019607843137,44.0,54,4.705882352941177,60,23,20.0,9.07,38,0.78125,0.78125,0.0,-0.78125,0.140544,0.105,0.09,2.795208667124437,7.0588235294117645
2025-05-15T14:26:24.803974,mild,main,839.25,12.549019607843137,42.0,54,4.705882352941177,60,23,20.0,9.07,38,0.78125,0.78125,0.0,-0.78125,0.140544,0.105,0.09,2.795208667124437,7.0588235294117645
2025-05-15T14:26:25.307193,mild,main,823.0,12.549019607843137,39.0,54,4.705882352941177,60,23,20.0,9.07,38,0.78125,0.78125,0.0,-0.78125,0.140544,0.105,0.09,2.795208667124437,7.0588235294117645
2025-05-15T14:26:25.808088,mild,main,750.0,12.549019607843137,36.0,54,4.705882352941177,60,23,20.0,9.07,38,0.78125,0.78125,0.0,-0.78125,0.140544,0.105,0.09,2.795208667124437,7.0588235294117645
2025-05-15T14:26:26.311277,mild,main,768.75,12.549019607843137,33.0,54,4.705882352941177,60,23,20.0,9.07,38,0.78125,0.78125,0.0,-0.78125,0.140544,0.105,0.09,2.795208667124437,7.0588235294117645
2025-05-15T14:26:26.815713,mild,main,786.75,12.549019607843137,29.0,54,4.705882352941177,60,23,20.0,9.07,38,0.78125,0.78125,0.0,-0.78125,0.140544,0.105,0.09,2.795208667124437,7.0588235294117645
2025-05-15T14:26:27.319816,mild,main,731.75,12.549019607843137,25.0,54,4.705882352941177,60,23,20.0,9.07,38,0.78125,0.78125,0.0,-0.78125,0.140544,0.105,0.09,2.795208667124437,7.0588235294117645
2025-05-15T14:26:27.823738,mild,main,786.0,12.549019607843137,21.0,54,4.705882352941177,60,23,20.0,9.07,38,0.78125,0.78125,0.0,-0.78125,0.140544,0.105,0.09,2.795208667124437,7.0588235294117645
2025-05-15T14:26:28.328784,mild,main,791.75,12.549019607843137,18.0,54,4.705882352941177,60,23,20.0,9.07,38,0.78125,0.78125,0.0,-0.78125,0.140544,0.105,0.09,2.795208667124437,7.0588235294117645
2025-05-15T14:26:28.832551,mild,main,756.0,12.549019607843137,15.0,54,4.705882352941177,60,23,20.0,9.07,38,0.78125,0.78125,0.0,-0.78125,0.140544,0.105,0.09,2.795208667124437,7.0588235294117645
2025-05-15T14:26:29.333800,mild,main,765.75,12.549019607843137,13.0,54,4.705882352941177,60,23,20.0,9.07,38,0.78125,0.78125,0.0,-0.78125,0.140544,0.105,0.09,2.795208667124437,7.0588235294117645
2025-05-15T14:26:29.836946,mild,main,795.75,12.549019607843137,12.0,54,4.705882352941177,60,23,20.0,9.07,38,0.78125,0.78125,0.0,-0.78125,0.140544,0.105,0.09,2.795208667124437,7.0588235294117645
2025-05-15T14:26:30.340833,mild,main,765.25,12.549019607843137,10.0,54,4.705882352941177,60,23,20.0,9.07,38,0.78125,0.78125,0.0,-0.78125,0.140544,0.105,0.09,2.795208667124437,7.0588235294117645
2025-05-15T14:26:30.841409,mild,main,748.0,12.549019607843137,8.0,54,4.705882352941177,60,23,20.0,9.07,38,0.78125,0.78125,0.0,-0.78125,0.140544,0.105,0.09,2.795208667124437,7.0588235294117645
2025-05-15T14:26:31.346084,mild,main,751.25,12.549019607843137,5.0,54,4.705882352941177,60,23,20.0,9.07,38,0.78125,0.78125,0.0,-0.78125,0.140544,0.105,0.09,2.795208667124437,7.0588235294117645
2025-05-15T14:26:31.849888,mild,main,746.25,12.549019607843137,4.0,54,4.705882352941177,60,23,20.0,9.07,38,0.78125,0.78125,0.0,-0.78125,0.140544,0.105,0.09,2.795208667124437,7.0588235294117645
2025-05-15T14:26:32.354964,mild,main,754.25,12.549019607843137,2.0,54,4.705882352941177,60,23,20.0,9.07,38,0.78125,0.78125,0.0,-0.78125,0.140544,0.105,0.09,2.795208667124437,7.0588235294117645
2025-05-15T14:26:32.860080,mild,main,765.75,12.549019607843137,0.0,54,4.705882352941177,60,23,20.0,9.07,38,0.78125,0.78125,0.0,-0.78125,0.140544,0.105,0.09,2.795208667124437,7.0588235294117645
2025-05-15T14:26:33.365181,mild,main,745.75,12.549019607843137,0.0,54,4.705882352941177,60,23,20.0,9.07,38,0.78125,0.78125,0.0,-0.78125,0.140544,0.105,0.09,2.795208667124437,7.0588235294117645
2025-05-15T14:26:33.870282,mild,main,747.5,12.549019607843137,0.0,54,4.705882352941177,60,23,20.0,9.07,38,0.78125,0.78125,0.0,-0.78125,0.140544,0.105,0.09,2.795208667124437,7.0588235294117645
2025-05-15T14:26:34.373802,mild,main,755.75,12.549019607843137,0.0,54,4.705882352941177,60,23,20.0,9.07,38,0.78125,0.78125,0.0,-0.78125,0.140544,0.105,0.09,2.795208667124437,7.0588235294117645
2025-05-15T14:26:34.874676,mild,main,757.25,12.549019607843137,0.0,54,4.705882352941177,60,23,20.0,9.07,38,0.78125,0.78125,0.0,-0.78125,0.140544,0.105,0.09,2.795208667124437,7.0588235294117645
2025-05-15T14:26:35.379764,mild,main,757.75,12.549019607843137,0.0,54,4.705882352941177,60,23,20.0,9.07,38,0.78125,0.78125,0.0,-0.78125,0.140544,0.105,0.09,2.795208667124437,7.0588235294117645
2025-05-15T14:26:35.884840,mild,main,759.25,12.549019607843137,0.0,54,4.705882352941177,60,23,20.0,9.07,38,0.78125,0.78125,0.0,-0.78125,0.140544,0.105,0.09,2.795208667124437,7.0588235294117645
2025-05-15T14:26:36.456079,mild,main,752.75,12.549019607843137,0.0,54,4.705882352941177,60,23,20.0,9.07,38,0.78125,0.78125,0.0,-0.78125,0.140544,0.105,0.09,2.795208667124437,7.0588235294117645
2025-05-15T14:26:36.959755,mild,main,742.25,12.549019607843137,0.0,54,4.705882352941177,60,23,20.0,9.07,38,0.78125,0.78125,0.0,-0.78125,0.140544,0.105,0.09,2.795208667124437,7.0588235294117645
2025-05-15T14:26:37.464818,mild,main,735.25,12.549019607843137,0.0,54,4.705882352941177,60,23,20.0,9.07,38,0.78125,0.78125,0.0,-0.78125,0.140544,0.105,0.09,2.795208667124437,7.0588235294117645
2025-05-15T14:26:37.969905,mild,main,745.75,12.549019607843137,0.0,54,4.705882352941177,60,23,20.0,9.07,38,0.78125,0.78125,0.0,-0.78125,0.140544,0.105,0.09,2.795208667124437,7.0588235294117645
2025-05-15T14:26:38.474971,mild,main,733.0,12.549019607843137,0.0,54,4.705882352941177,60,23,20.0,9.07,38,0.78125,0.78125,0.0,-0.78125,0.140544,0.105,0.09,2.795208667124437,7.0588235294117645
2025-05-15T14:26:38.979130,mild,main,748.25,12.549019607843137,0.0,54,4.705882352941177,60,23,20.0,9.07,38,0.78125,0.78125,0.0,-0.78125,0.140544,0.105,0.09,2.795208667124437,7.0588235294117645
2025-05-15T14:26:39.484269,mild,main,755.0,12.549019607843137,0.0,54,4.705882352941177,60,23,20.0,9.07,38,0.78125,0.78125,0.0,-0.78125,0.140544,0.105,0.09,2.795208667124437,7.0588235294117645
2025-05-15T14:26:39.989365,mild,main,756.75,12.549019607843137,0.0,54,4.705882352941177,60,23,20.0,9.07,38,0.78125,0.78125,0.0,-0.78125,0.140544,0.105,0.09,2.795208667124437,7.0588235294117645
2025-05-15T14:26:40.491301,mild,main,742.25,12.549019607843137,0.0,54,4.705882352941177,60,23,20.0,9.07,38,0.78125,0.78125,0.0,-0.78125,0.140544,0.105,0.09,2.795208667124437,7.0588235294117645
2025-05-15T14:26:40.996404,mild,main,752.25,12.549019607843137,0.0,54,4.705882352941177,60,23,20.0,9.07,38,0.78125,0.78125,0.0,-0.78125,0.140544,0.105,0.09,2.795208667124437,7.0588235294117645
2025-05-15T14:26:41.498698,mild,main,747.5,12.549019607843137,0.0,54,4.705882352941177,60,23,20.0,9.07,38,0.78125,0.78125,0.0,-0.78125,0.140544,0.105,0.09,2.795208667124437,7.0588235294117645
2025-05-15T14:26:42.003819,mild,main,751.5,12.549019607843137,0.0,54,4.705882352941177,60,23,20.0,9.07,38,0.78125,0.78125,0.0,-0.78125,0.140544,0.105,0.09,2.795208667124437,7.0588235294117645
2025-05-15T14:26:42.505632,mild,main,760.5,12.549019607843137,0.0,54,4.705882352941177,60,23,20.0,9.07,38,0.78125,0.78125,0.0,-0.78125,0.140544,0.105,0.09,2.795208667124437,7.0588235294117645
2025-05-15T14:26:43.010136,mild,main,749.75,12.549019607843137,0.0,54,4.705882352941177,60,23,20.0,9.07,38,0.78125,0.78125,0.0,-0.78125,0.140544,0.105,0.09,2.795208667124437,7.0588235294117645
2025-05-15T14:26:43.515232,mild,main,746.25,12.549019607843137,0.0,54,4.705882352941177,60,23,20.0,9.07,38,0.78125,0.78125,0.0,-0.78125,0.140544,0.105,0.09,2.795208667124437,7.0588235294117645
2025-05-15T14:26:44.015414,mild,main,742.5,12.549019607843137,0.0,54,4.705882352941177,60,23,20.0,9.07,38,0.78125,0.78125,0.0,-0.78125,0.140544,0.105,0.09,2.795208667124437,7.0588235294117645
2025-05-15T14:26:44.520525,mild,main,740.25,12.549019607843137,0.0,54,4.705882352941177,60,23,20.0,9.07,38,0.78125,0.78125,0.0,-0.78125,0.140544,0.105,0.09,2.795208667124437,7.0588235294117645
2025-05-15T14:26:45.022894,mild,main,764.0,12.549019607843137,0.0,54,4.705882352941177,60,23,20.0,9.07,38,0.78125,0.78125,0.0,-0.78125,0.140544,0.105,0.09,2.795208667124437,7.0588235294117645
2025-05-15T14:26:45.523205,mild,main,757.0,12.549019607843137,0.0,54,4.705882352941177,60,23,20.0,9.07,38,0.78125,0.78125,0.0,-0.78125,0.140544,0.755,0.11,2.770794232089723,7.0588235294117645
2025-05-15T14:26:46.503255,mild,main,740.25,12.549019607843137,0.0,54,4.705882352941177,60,23,20.0,9.07,38,0.78125,0.78125,0.0,-0.78125,0.140544,0.755,0.11,2.770794232089723,7.0588235294117645
2025-05-15T14:26:47.007636,mild,main,745.25,12.549019607843137,0.0,54,4.705882352941177,60,23,20.0,9.07,38,0.78125,0.78125,0.0,-0.78125,0.140544,0.755,0.11,2.770794232089723,7.0588235294117645
2025-05-15T14:26:47.509139,mild,main,748.5,12.549019607843137,0.0,54,4.705882352941177,60,23,20.0,9.07,38,0.78125,0.78125,0.0,-0.78125,0.140544,0.755,0.11,2.770794232089723,7.0588235294117645
2025-05-15T14:26:48.014180,mild,main,761.5,12.549019607843137,0.0,54,4.705882352941177,60,23,20.0,9.07,38,0.78125,0.78125,0.0,-0.78125,0.140544,0.755,0.11,2.770794232089723,7.0588235294117645
2025-05-15T14:26:48.519289,mild,main,756.25,12.549019607843137,0.0,54,4.705882352941177,60,23,20.0,9.07,38,0.78125,0.78125,0.0,-0.78125,0.140544,0.755,0.11,2.770794232089723,7.0588235294117645
2025-05-15T14:26:49.024378,mild,main,756.5,12.549019607843137,0.0,54,4.705882352941177,60,23,20.0,9.07,38,0.78125,0.78125,0.0,-0.78125,0.140544,0.755,0.11,2.770794232089723,7.0588235294117645
2025-05-15T14:26:49.528354,mild,main,744.5,12.549019607843137,0.0,54,4.705882352941177,60,23,20.0,9.07,38,0.78125,0.78125,0.0,-0.78125,0.140544,0.755,0.11,2.770794232089723,7.0588235294117645
2025-05-15T14:26:50.033447,mild,main,750.25,12.941176470588236,0.0,54,4.705882352941177,60,23,20.0,9.07,38,0.78125,0.78125,0.0,-0.78125,0.140544,0.755,0.11,2.770794232089723,7.0588235294117645
2025-05-15T14:26:50.536409,mild,main,778.0,12.941176470588236,0.0,54,4.705882352941177,60,23,20.0,9.07,38,0.78125,0.78125,0.0,-0.78125,0.140544,0.755,0.11,2.770794232089723,7.0588235294117645
2025-05-15T14:26:51.041193,mild,main,806.75,12.549019607843137,0.0,54,4.705882352941177,60,23,20.0,9.07,38,0.78125,0.78125,0.0,-0.78125,0.140544,0.755,0.11,2.770794232089723,7.0588235294117645
2025-05-15T14:26:51.542967,mild,main,773.75,12.941176470588236,0.0,54,4.705882352941177,60,23,20.0,9.07,38,0.78125,0.78125,0.0,-0.78125,0.140544,0.755,0.11,2.770794232089723,7.0588235294117645
2025-05-15T14:26:52.046719,mild,main,759.75,12.549019607843137,0.0,54,4.705882352941177,60,23,20.0,9.07,38,0.78125,0.78125,0.0,-0.78125,0.140544,0.755,0.11,2.770794232089723,7.0588235294117645
2025-05-15T14:26:52.551831,mild,main,783.75,12.549019607843137,0.0,54,4.705882352941177,60,23,20.0,9.07,38,0.78125,0.78125,0.0,-0.78125,0.140544,0.755,0.11,2.770794232089723,7.0588235294117645
2025-05-15T14:26:53.054917,mild,main,759.5,12.941176470588236,0.0,54,4.705882352941177,60,23,20.0,9.07,38,0.78125,0.78125,0.0,-0.78125,0.140544,0.755,0.11,2.770794232089723,7.0588235294117645
2025-05-15T14:26:53.559591,mild,main,769.5,12.549019607843137,0.0,54,4.705882352941177,60,23,20.0,9.07,38,0.78125,0.78125,0.0,-0.78125,0.140544,0.755,0.11,2.770794232089723,7.0588235294117645
2025-05-15T14:26:54.064683,mild,main,774.0,14.901960784313726,0.0,54,4.705882352941177,60,23,20.0,9.07,38,0.78125,0.78125,0.0,-0.78125,0.140544,0.755,0.11,2.770794232089723,7.0588235294117645
2025-05-15T14:26:54.569779,mild,main,811.75,17.254901960784313,0.0,54,4.705882352941177,60,23,20.0,9.07,38,0.78125,0.78125,0.0,-0.78125,0.140544,0.755,0.11,2.770794232089723,7.0588235294117645
2025-05-15T14:26:55.070347,mild,main,1063.25,18.431372549019606,5.0,54,4.705882352941177,60,23,20.0,9.07,38,0.78125,0.78125,0.0,-0.78125,0.140544,0.755,0.11,2.770794232089723,7.0588235294117645
2025-05-15T14:26:55.575447,mild,main,1051.75,16.470588235294116,9.0,54,4.705882352941177,60,23,20.0,9.07,38,0.78125,0.78125,0.0,-0.78125,0.140544,0.755,0.11,2.770794232089723,7.0588235294117645
2025-05-15T14:26:56.080535,mild,main,1153.25,12.941176470588236,10.0,54,4.705882352941177,60,23,20.0,9.07,38,0.78125,0.78125,0.0,-0.78125,0.140544,0.755,0.11,2.770794232089723,7.0588235294117645
2025-05-15T14:26:56.583991,mild,main,1090.75,12.941176470588236,9.0,54,4.705882352941177,60,23,20.0,9.07,38,0.78125,0.78125,0.0,-0.78125,0.140544,0.755,0.11,2.770794232089723,7.0588235294117645
2025-05-15T14:26:57.089096,mild,main,992.5,12.941176470588236,8.0,54,4.705882352941177,60,23,20.0,9.07,38,0.78125,0.78125,0.0,-0.78125,0.140544,0.755,0.11,2.770794232089723,7.0588235294117645
2025-05-15T14:26:57.592888,mild,main,876.25,12.941176470588236,7.0,54,4.705882352941177,60,23,20.0,9.07,38,0.78125,0.78125,0.0,-0.78125,0.140544,0.755,0.11,2.770794232089723,7.0588235294117645
2025-05-15T14:26:58.097996,mild,main,804.5,12.941176470588236,6.0,54,4.705882352941177,60,23,20.0,9.07,38,0.78125,0.78125,0.0,-0.78125,0.140544,0.755,0.11,2.770794232089723,7.0588235294117645
2025-05-15T14:26:58.602973,mild,main,847.5,12.549019607843137,6.0,54,4.705882352941177,60,23,20.0,9.07,38,0.78125,0.78125,0.0,-0.78125,0.140544,0.755,0.11,2.770794232089723,7.0588235294117645
2025-05-15T14:26:59.108025,mild,main,845.25,12.549019607843137,5.0,54,4.705882352941177,60,23,20.0,9.07,38,0.78125,0.78125,0.0,-0.78125,0.140544,0.755,0.11,2.770794232089723,7.0588235294117645
2025-05-15T14:26:59.613122,mild,main,784.75,12.549019607843137,4.0,54,4.705882352941177,60,23,20.0,9.07,38,0.78125,0.78125,0.0,-0.78125,0.140544,0.755,0.11,2.770794232089723,7.0588235294117645
2025-05-15T14:27:00.118200,mild,main,822.25,12.156862745098039,2.0,54,4.705882352941177,60,23,20.0,9.07,38,0.78125,0.78125,0.0,-0.78125,0.140544,0.755,0.11,2.770794232089723,7.0588235294117645
2025-05-15T14:27:00.623292,mild,main,804.5,12.549019607843137,0.0,54,4.705882352941177,60,23,20.0,9.07,38,0.78125,0.78125,0.0,-0.78125,0.140544,0.755,0.11,2.770794232089723,7.0588235294117645
2025-05-15T14:27:01.124433,mild,main,754.5,12.549019607843137,0.0,54,4.705882352941177,60,23,20.0,9.07,38,0.78125,0.78125,0.0,-0.78125,0.140544,0.755,0.11,2.770794232089723,7.0588235294117645
2025-05-15T14:27:01.629539,mild,main,790.25,12.156862745098039,0.0,54,4.705882352941177,60,23,20.0,9.07,38,0.78125,0.78125,0.0,-0.78125,0.140544,0.755,0.11,2.770794232089723,7.0588235294117645
2025-05-15T14:27:02.130352,mild,main,764.0,14.117647058823529,0.0,54,4.705882352941177,60,23,20.0,9.07,38,0.78125,0.78125,0.0,-0.78125,0.140544,0.755,0.11,2.770794232089723,7.0588235294117645
2025-05-15T14:27:02.634536,mild,main,853.25,18.03921568627451,0.0,54,4.705882352941177,60,23,20.0,9.07,38,0.78125,0.78125,0.0,-0.78125,0.140544,0.755,0.11,2.770794232089723,7.0588235294117645
2025-05-15T14:27:03.137224,mild,main,969.0,19.215686274509803,4.0,54,4.705882352941177,60,23,20.0,9.07,38,0.78125,0.78125,0.0,-0.78125,0.140544,0.755,0.11,2.770794232089723,7.0588235294117645
2025-05-15T14:27:03.642284,mild,main,1057.75,16.470588235294116,8.0,54,4.705882352941177,60,23,20.0,9.07,38,0.78125,0.78125,0.0,-0.78125,0.140544,0.755,0.11,2.770794232089723,7.0588235294117645
2025-05-15T14:27:04.147380,mild,main,1048.5,12.549019607843137,9.0,54,4.705882352941177,60,23,20.0,9.07,38,0.78125,0.78125,0.0,-0.78125,0.140544,0.755,0.11,2.770794232089723,7.0588235294117645
2025-05-15T14:27:04.649884,mild,main,1111.5,12.941176470588236,9.0,54,4.705882352941177,60,23,20.0,9.07,38,0.78125,0.78125,0.0,-0.78125,0.140544,0.755,0.11,2.770794232089723,7.0588235294117645
2025-05-15T14:27:05.150287,mild,main,882.0,12.549019607843137,8.0,54,4.705882352941177,60,23,20.0,9.07,38,0.78125,0.78125,0.0,-0.78125,0.140544,0.755,0.11,2.770794232089723,7.0588235294117645
2025-05-15T14:27:05.653555,mild,main,738.5,12.549019607843137,6.0,54,4.705882352941177,60,23,20.0,9.07,38,0.78125,0.78125,0.0,-0.78125,0.140544,0.755,0.11,2.770794232089723,7.0588235294117645
2025-05-15T14:27:06.157892,mild,main,841.5,12.549019607843137,4.0,54,4.705882352941177,60,23,20.0,9.07,38,0.78125,0.78125,0.0,-0.78125,0.140544,0.755,0.11,2.770794232089723,7.0588235294117645
2025-05-15T14:27:06.659982,mild,main,850.75,12.549019607843137,3.0,54,4.705882352941177,60,23,20.0,9.07,38,0.78125,0.78125,0.0,-0.78125,0.140544,0.755,0.11,2.770794232089723,7.0588235294117645
2025-05-15T14:27:07.160657,mild,main,806.0,12.549019607843137,2.0,54,4.705882352941177,60,23,20.0,9.07,38,0.78125,0.78125,0.0,-0.78125,0.140544,0.755,0.11,2.770794232089723,7.0588235294117645
2025-05-15T14:27:07.664001,mild,main,792.0,16.07843137254902,2.0,54,4.705882352941177,60,23,20.0,9.07,38,0.78125,0.78125,0.0,-0.78125,0.140544,0.755,0.11,2.770794232089723,7.0588235294117645
2025-05-15T14:27:08.169048,mild,main,989.0,19.215686274509803,5.0,54,4.705882352941177,60,23,20.0,9.07,38,0.78125,0.78125,0.0,-0.78125,0.140544,0.755,0.11,2.770794232089723,7.0588235294117645
2025-05-15T14:27:08.674115,mild,main,1225.0,12.941176470588236,7.0,54,4.705882352941177,60,23,20.0,9.07,38,0.78125,0.78125,0.0,-0.78125,0.140544,0.755,0.11,2.770794232089723,7.0588235294117645
2025-05-15T14:27:09.176283,mild,main,1409.75,13.333333333333334,6.0,54,4.705882352941177,60,23,20.0,9.07,38,0.78125,0.78125,0.0,-0.78125,0.140544,0.755,0.11,2.770794232089723,7.0588235294117645
2025-05-15T14:27:09.681363,mild,main,1244.5,12.941176470588236,6.0,54,4.705882352941177,60,23,20.0,9.07,38,0.78125,0.78125,0.0,-0.78125,0.140544,0.755,0.11,2.770794232089723,7.0588235294117645
2025-05-15T14:27:10.183684,mild,main,1020.75,12.549019607843137,5.0,54,4.705882352941177,60,23,20.0,9.07,38,0.78125,0.78125,0.0,-0.78125,0.140544,0.755,0.11,2.770794232089723,7.0588235294117645
2025-05-15T14:27:10.688779,mild,main,789.25,12.549019607843137,4.0,54,4.705882352941177,60,23,20.0,9.07,38,0.78125,0.78125,0.0,-0.78125,0.140544,0.755,0.11,2.770794232089723,7.0588235294117645
2025-05-15T14:27:11.192445,mild,main,769.75,12.549019607843137,4.0,54,4.705882352941177,60,23,20.0,9.07,38,0.78125,0.78125,0.0,-0.78125,0.140544,0.755,0.11,2.770794232089723,7.0588235294117645
2025-05-15T14:27:11.697566,mild,main,860.5,12.156862745098039,3.0,54,4.705882352941177,60,23,20.0,9.07,38,0.78125,0.78125,0.0,-0.78125,0.140544,0.755,0.11,2.770794232089723,7.0588235294117645
2025-05-15T14:27:12.202647,mild,main,727.0,12.549019607843137,3.0,54,4.705882352941177,60,23,20.0,9.07,38,0.78125,0.78125,0.0,-0.78125,0.140544,0.755,0.11,2.770794232089723,7.0588235294117645
2025-05-15T14:27:12.707729,mild,main,794.75,17.254901960784313,3.0,54,4.705882352941177,60,23,20.0,9.07,38,0.78125,0.78125,0.0,-0.78125,0.140544,0.755,0.11,2.770794232089723,7.0588235294117645
2025-05-15T14:27:13.212791,mild,main,1469.75,18.03921568627451,6.0,54,4.705882352941177,60,23,20.0,9.07,38,0.78125,0.78125,0.0,-0.78125,0.140544,0.755,0.11,2.770794232089723,7.0588235294117645
2025-05-15T14:27:13.714813,mild,main,1500.25,18.431372549019606,10.0,54,4.705882352941177,60,23,20.0,9.07,38,0.78125,0.78125,0.0,-0.78125,0.140544,0.755,0.11,2.770794232089723,7.0588235294117645
2025-05-15T14:27:14.219539,mild,main,1310.75,13.333333333333334,13.0,54,4.705882352941177,60,23,20.0,9.07,38,0.78125,0.78125,0.0,-0.78125,0.140544,0.755,0.11,2.770794232089723,7.0588235294117645
2025-05-15T14:27:14.724288,mild,main,1383.75,13.333333333333334,12.0,54,4.705882352941177,60,23,20.0,9.07,38,0.78125,0.78125,0.0,-0.78125,0.140544,0.755,0.11,2.770794232089723,7.0588235294117645
2025-05-15T14:27:15.226116,mild,main,1109.5,12.549019607843137,11.0,54,4.705882352941177,60,23,20.0,9.07,38,0.78125,0.78125,0.0,-0.78125,0.140544,0.755,0.11,2.770794232089723,7.0588235294117645
2025-05-15T14:27:15.726434,mild,main,846.0,12.549019607843137,10.0,54,4.705882352941177,60,23,20.0,9.07,38,0.78125,0.78125,0.0,-0.78125,0.140544,0.755,0.11,2.770794232089723,7.0588235294117645
2025-05-15T14:27:16.231501,mild,main,792.0,12.549019607843137,9.0,54,4.705882352941177,60,23,20.0,9.07,38,0.78125,0.78125,0.0,-0.78125,0.140544,0.755,0.11,2.770794232089723,7.0588235294117645
2025-05-15T14:27:16.736571,mild,main,852.5,12.549019607843137,7.0,54,4.705882352941177,60,23,20.0,9.07,38,0.78125,0.78125,0.0,-0.78125,0.140544,0.755,0.11,2.770794232089723,7.0588235294117645
2025-05-15T14:27:17.240056,mild,main,877.75,12.549019607843137,6.0,54,4.705882352941177,60,23,20.0,9.07,38,0.78125,0.78125,0.0,-0.78125,0.140544,0.755,0.11,2.770794232089723,7.0588235294117645
2025-05-15T14:27:17.742998,mild,main,867.5,14.509803921568627,6.0,54,4.705882352941177,60,23,20.0,9.07,38,0.78125,0.78125,0.0,-0.78125,0.140544,0.755,0.11,2.770794232089723,7.0588235294117645
2025-05-15T14:27:18.246920,mild,main,829.25,14.509803921568627,8.0,54,4.705882352941177,60,23,20.0,9.07,38,0.78125,0.78125,0.0,-0.78125,0.140544,0.755,0.11,2.770794232089723,7.0588235294117645
2025-05-15T14:27:18.752024,mild,main,989.25,14.509803921568627,9.0,54,4.705882352941177,60,23,20.0,9.07,38,0.78125,0.78125,0.0,-0.78125,0.140544,0.755,0.11,2.770794232089723,7.0588235294117645
2025-05-15T14:27:19.257125,mild,main,1077.75,12.941176470588236,9.0,54,4.705882352941177,60,23,20.0,9.07,38,0.78125,0.78125,0.0,-0.78125,0.140544,0.755,0.11,2.770794232089723,7.0588235294117645
2025-05-15T14:27:19.760478,mild,main,1061.5,12.549019607843137,9.0,54,4.705882352941177,60,23,20.0,9.07,38,0.78125,0.78125,0.0,-0.78125,0.140544,0.755,0.11,2.770794232089723,7.0588235294117645
2025-05-15T14:27:20.265573,mild,main,1038.0,13.72549019607843,8.0,54,4.705882352941177,60,23,20.0,9.07,38,0.78125,0.78125,0.0,-0.78125,0.140544,0.755,0.11,2.770794232089723,7.0588235294117645
2025-05-15T14:27:20.770689,mild,main,979.25,14.117647058823529,9.0,54,4.705882352941177,60,23,20.0,9.07,38,0.78125,0.78125,0.0,-0.78125,0.140544,0.755,0.11,2.770794232089723,7.0588235294117645
2025-05-15T14:27:21.274175,mild,main,1081.75,18.03921568627451,10.0,54,4.705882352941177,60,23,20.0,9.07,38,0.78125,0.78125,0.0,-0.78125,0.140544,0.755,0.11,2.770794232089723,7.0588235294117645
2025-05-15T14:27:21.779299,mild,main,1356.75,19.607843137254903,14.0,54,4.705882352941177,60,23,20.0,9.07,38,0.78125,0.78125,0.0,-0.78125,0.140544,0.755,0.11,2.770794232089723,7.0588235294117645
2025-05-15T14:27:22.281627,mild,main,1813.25,16.470588235294116,16.0,54,4.705882352941177,60,23,20.0,9.07,38,0.78125,0.78125,0.0,-0.78125,0.140544,0.755,0.11,2.770794232089723,7.0588235294117645
2025-05-15T14:27:22.782112,mild,main,1866.75,14.509803921568627,16.0,54,4.705882352941177,60,23,20.0,9.07,38,0.78125,0.78125,0.0,-0.78125,0.140544,0.755,0.11,2.770794232089723,7.0588235294117645
2025-05-15T14:27:23.284380,mild,main,1438.75,12.941176470588236,16.0,54,4.705882352941177,60,23,20.0,9.07,38,0.78125,0.78125,0.0,-0.78125,0.140544,0.755,0.11,2.770794232089723,7.0588235294117645
2025-05-15T14:27:23.789480,mild,main,996.5,12.549019607843137,15.0,54,4.705882352941177,60,23,20.0,9.07,38,0.78125,0.78125,0.0,-0.78125,0.140544,0.755,0.11,2.770794232089723,7.0588235294117645
2025-05-15T14:27:24.290853,mild,main,841.75,12.549019607843137,13.0,54,4.705882352941177,60,23,20.0,9.07,38,0.78125,0.78125,0.0,-0.78125,0.140544,0.755,0.11,2.770794232089723,7.0588235294117645
2025-05-15T14:27:24.791710,mild,main,762.0,12.549019607843137,11.0,54,4.705882352941177,60,23,20.0,9.07,38,0.78125,0.78125,0.0,-0.78125,0.140544,0.755,0.11,2.770794232089723,7.0588235294117645
2025-05-15T14:27:25.296810,mild,main,693.75,12.941176470588236,8.0,54,4.705882352941177,60,23,20.0,9.07,38,0.78125,0.78125,0.0,-0.78125,0.140544,0.755,0.11,2.770794232089723,7.0588235294117645
2025-05-15T14:27:25.799387,mild,main,850.25,12.549019607843137,7.0,54,4.705882352941177,60,23,20.0,9.07,38,0.78125,0.78125,0.0,-0.78125,0.140544,0.755,0.11,2.770794232089723,7.0588235294117645
2025-05-15T14:27:26.304486,mild,main,859.0,14.509803921568627,7.0,54,4.705882352941177,60,23,20.0,9.07,38,0.78125,0.78125,0.0,-0.78125,0.140544,0.755,0.11,2.770794232089723,7.0588235294117645
2025-05-15T14:27:26.807508,mild,main,911.75,17.647058823529413,9.0,54,4.705882352941177,60,23,20.0,9.07,38,0.78125,0.78125,0.0,-0.78125,0.140544,0.755,0.11,2.770794232089723,7.0588235294117645
2025-05-15T14:27:27.312620,mild,main,1112.0,18.823529411764707,11.0,54,4.705882352941177,60,23,20.0,9.07,38,0.78125,0.78125,0.0,-0.78125,0.140544,0.755,0.11,2.770794232089723,7.0588235294117645
2025-05-15T14:27:27.814691,mild,main,1557.5,20.392156862745097,15.0,54,4.705882352941177,60,23,20.0,9.07,38,0.78125,0.78125,0.0,-0.78125,0.140544,0.755,0.11,2.770794232089723,7.0588235294117645
2025-05-15T14:27:28.318805,mild,main,1924.5,15.686274509803921,18.0,54,4.705882352941177,60,23,20.0,9.07,38,0.78125,0.78125,0.0,-0.78125,0.140544,0.755,0.11,2.770794232089723,7.0588235294117645
2025-05-15T14:27:28.823443,mild,main,1972.75,14.509803921568627,17.0,54,4.705882352941177,60,23,20.0,9.07,38,0.78125,0.78125,0.0,-0.78125,0.140544,0.755,0.11,2.770794232089723,7.0588235294117645
2025-05-15T14:27:29.324148,mild,main,1743.5,14.117647058823529,15.0,54,4.705882352941177,60,23,20.0,9.07,38,0.78125,0.78125,0.0,-0.78125,0.140544,0.755,0.11,2.770794232089723,7.0588235294117645
2025-05-15T14:27:29.825234,mild,main,1073.5,12.549019607843137,12.0,54,4.705882352941177,60,23,20.0,9.07,38,0.78125,0.78125,0.0,-0.78125,0.140544,0.755,0.11,2.770794232089723,7.0588235294117645
2025-05-15T14:27:30.325782,mild,main,942.25,14.509803921568627,10.0,54,4.705882352941177,60,23,20.0,9.07,38,0.78125,0.78125,0.0,-0.78125,0.140544,0.755,0.11,2.770794232089723,7.0588235294117645
2025-05-15T14:27:30.830873,mild,main,1326.0,20.0,11.0,54,4.705882352941177,60,23,20.0,9.07,38,0.78125,0.78125,0.0,-0.78125,0.140544,0.755,0.11,2.770794232089723,7.0588235294117645
2025-05-15T14:27:31.335965,mild,main,1467.75,26.274509803921568,15.0,54,23.137254901960784,78,23,21.5,59.99,38,0.78125,0.78125,0.0,-0.78125,0.140544,0.755,0.11,2.770794232089723,7.0588235294117645
2025-05-15T14:27:32.603113,mild,main,3152.0,30.19607843137255,30.0,54,23.137254901960784,78,23,21.5,59.99,38,0.78125,0.78125,0.0,-0.78125,0.140544,0.755,0.11,2.770794232089723,7.0588235294117645
2025-05-15T14:27:33.107601,mild,main,3650.25,17.254901960784313,32.0,54,23.137254901960784,78,23,21.5,59.99,38,0.78125,0.78125,0.0,-0.78125,0.140544,0.755,0.11,2.770794232089723,7.0588235294117645
2025-05-15T14:27:33.607759,mild,main,2972.25,20.784313725490197,32.0,54,23.137254901960784,78,23,21.5,59.99,38,0.78125,0.78125,0.0,-0.78125,0.140544,0.755,0.11,2.770794232089723,7.0588235294117645
2025-05-15T14:27:34.111463,mild,main,2561.0,29.019607843137255,35.0,54,23.137254901960784,78,23,21.5,59.99,38,0.78125,0.78125,0.0,-0.78125,0.140544,0.755,0.11,2.770794232089723,7.0588235294117645
2025-05-15T14:27:34.616534,mild,main,2866.0,30.19607843137255,40.0,54,23.137254901960784,78,23,21.5,59.99,38,0.78125,0.78125,0.0,-0.78125,0.140544,0.755,0.11,2.770794232089723,7.0588235294117645
2025-05-15T14:27:35.118230,mild,main,3222.25,29.41176470588235,44.0,54,23.137254901960784,78,23,21.5,59.99,38,0.78125,0.78125,0.0,-0.78125,0.140544,0.755,0.11,2.770794232089723,7.0588235294117645
2025-05-15T14:27:35.623893,mild,main,3465.0,17.254901960784313,47.0,54,23.137254901960784,78,23,21.5,59.99,38,0.78125,0.78125,0.0,-0.78125,0.140544,0.755,0.11,2.770794232089723,7.0588235294117645
2025-05-15T14:27:36.126974,mild,main,3068.5,16.862745098039216,47.0,54,23.137254901960784,78,23,21.5,59.99,38,0.78125,0.78125,0.0,-0.78125,0.140544,0.755,0.11,2.770794232089723,7.0588235294117645
2025-05-15T14:27:36.627268,mild,main,2693.0,20.784313725490197,47.0,54,23.137254901960784,78,23,21.5,59.99,38,0.78125,0.78125,0.0,-0.78125,0.140544,0.755,0.11,2.770794232089723,7.0588235294117645
2025-05-15T14:27:37.131595,mild,main,2708.25,25.49019607843137,49.0,54,23.137254901960784,78,23,21.5,59.99,38,0.78125,0.78125,0.0,-0.78125,0.140544,0.755,0.11,2.770794232089723,7.0588235294117645
2025-05-15T14:27:37.632799,mild,main,2819.5,20.784313725490197,51.0,54,23.137254901960784,78,23,21.5,59.99,38,0.78125,0.78125,0.0,-0.78125,0.140544,0.755,0.11,2.770794232089723,7.0588235294117645
2025-05-15T14:27:38.137910,mild,main,2892.0,17.647058823529413,52.0,54,23.137254901960784,78,23,21.5,59.99,38,0.78125,0.78125,0.0,-0.78125,0.140544,0.755,0.11,2.770794232089723,7.0588235294117645
2025-05-15T14:27:38.641660,mild,main,2863.25,16.07843137254902,51.0,54,23.137254901960784,78,23,21.5,59.99,38,0.78125,0.78125,0.0,-0.78125,0.140544,0.755,0.11,2.770794232089723,7.0588235294117645
2025-05-15T14:27:39.146707,mild,main,2854.5,15.686274509803921,50.0,54,23.137254901960784,78,23,21.5,59.99,38,0.78125,0.78125,0.0,-0.78125,0.140544,0.755,0.11,2.770794232089723,7.0588235294117645
2025-05-15T14:27:39.648043,mild,main,2755.5,15.686274509803921,48.0,54,23.137254901960784,78,23,21.5,59.99,38,0.78125,0.78125,0.0,-0.78125,0.140544,0.755,0.11,2.770794232089723,7.0588235294117645
2025-05-15T14:27:40.153142,mild,main,2683.0,15.294117647058824,47.0,54,23.137254901960784,78,23,21.5,59.99,38,0.78125,0.78125,0.0,-0.78125,0.140544,0.755,0.11,2.770794232089723,7.0588235294117645
2025-05-15T14:27:40.658249,mild,main,2576.75,15.294117647058824,45.0,54,23.137254901960784,78,23,21.5,59.99,38,0.78125,0.78125,0.0,-0.78125,0.140544,0.755,0.11,2.770794232089723,7.0588235294117645
2025-05-15T14:27:41.163354,mild,main,2477.25,14.901960784313726,43.0,54,23.137254901960784,78,23,21.5,59.99,38,0.78125,0.78125,0.0,-0.78125,0.140544,0.755,0.11,2.770794232089723,7.0588235294117645
2025-05-15T14:27:41.668462,mild,main,2317.0,14.901960784313726,40.0,54,23.137254901960784,78,23,21.5,59.99,38,0.78125,0.78125,0.0,-0.78125,0.140544,0.755,0.11,2.770794232089723,7.0588235294117645
2025-05-15T14:27:42.172243,mild,main,2171.5,14.509803921568627,37.0,54,23.137254901960784,78,23,21.5,59.99,38,0.78125,0.78125,0.0,-0.78125,0.140544,0.755,0.11,2.770794232089723,7.0588235294117645
2025-05-15T14:27:42.674002,mild,main,2017.75,14.509803921568627,35.0,54,23.137254901960784,78,23,21.5,59.99,38,0.78125,0.78125,0.0,-0.78125,0.140544,0.755,0.11,2.770794232089723,7.0588235294117645
2025-05-15T14:27:43.178152,mild,main,1909.25,14.117647058823529,33.0,54,23.137254901960784,78,23,21.5,59.99,38,0.78125,0.78125,0.0,-0.78125,0.140544,0.755,0.11,2.770794232089723,7.0588235294117645
2025-05-15T14:27:43.682087,mild,main,1768.5,14.117647058823529,30.0,54,23.137254901960784,78,23,21.5,59.99,38,0.78125,0.78125,0.0,-0.78125,0.140544,0.755,0.11,2.770794232089723,7.0588235294117645
2025-05-15T14:27:44.186517,mild,main,1342.75,14.509803921568627,27.0,54,23.137254901960784,78,23,21.5,59.99,38,0.78125,0.78125,0.0,-0.78125,0.140544,0.755,0.11,2.770794232089723,7.0588235294117645
2025-05-15T14:27:44.690703,mild,main,1173.0,12.549019607843137,19.0,54,23.137254901960784,78,23,21.5,59.99,38,0.78125,0.78125,0.0,-0.78125,0.140544,0.755,0.11,2.770794232089723,7.0588235294117645
2025-05-15T14:27:45.195771,mild,main,963.25,12.941176470588236,11.0,54,23.137254901960784,78,23,21.5,59.99,38,0.78125,0.78125,0.0,-0.78125,0.140544,0.755,0.11,2.770794232089723,7.0588235294117645
2025-05-15T14:27:45.698866,mild,main,907.25,12.549019607843137,4.0,54,23.137254901960784,78,23,21.5,59.99,38,0.78125,0.78125,0.0,-0.78125,0.140544,0.755,0.11,2.770794232089723,7.0588235294117645
2025-05-15T14:27:46.202297,mild,main,770.5,12.156862745098039,0.0,54,23.137254901960784,78,23,21.5,59.99,38,0.78125,0.78125,0.0,-0.78125,0.140544,0.755,0.11,2.770794232089723,7.0588235294117645
2025-05-15T14:27:46.706390,mild,main,738.0,12.549019607843137,0.0,54,23.137254901960784,78,23,21.5,59.99,38,0.78125,0.78125,0.0,-0.78125,0.140544,0.755,0.11,2.770794232089723,7.0588235294117645
2025-05-15T14:27:47.211480,mild,main,828.75,12.156862745098039,0.0,54,23.137254901960784,78,23,21.5,59.99,38,0.78125,0.78125,0.0,-0.78125,0.140544,0.755,0.11,2.770794232089723,7.0588235294117645
2025-05-15T14:27:47.716616,mild,main,815.75,12.549019607843137,0.0,54,23.137254901960784,78,23,21.5,59.99,38,0.78125,0.78125,0.0,-0.78125,0.140544,0.755,0.11,2.770794232089723,7.0588235294117645
2025-05-15T14:27:48.220006,mild,main,792.75,12.549019607843137,0.0,54,23.137254901960784,78,23,21.5,59.99,38,0.78125,0.78125,0.0,-0.78125,0.140544,0.755,0.11,2.770794232089723,7.0588235294117645
2025-05-15T14:27:48.720818,mild,main,785.75,12.156862745098039,0.0,54,23.137254901960784,78,23,21.5,59.99,38,0.78125,0.78125,0.0,-0.78125,0.140544,0.755,0.11,2.770794232089723,7.0588235294117645
2025-05-15T14:27:49.225864,mild,main,760.75,12.549019607843137,0.0,54,23.137254901960784,78,23,21.5,59.99,38,0.78125,0.78125,0.0,-0.78125,0.140544,0.755,0.11,2.770794232089723,7.0588235294117645
2025-05-15T14:27:49.727887,mild,main,752.25,12.549019607843137,0.0,54,23.137254901960784,78,23,21.5,59.99,38,0.78125,0.78125,0.0,-0.78125,0.140544,0.755,0.11,2.770794232089723,7.0588235294117645
2025-05-15T14:27:50.232973,mild,main,752.0,12.549019607843137,0.0,54,23.137254901960784,78,23,21.5,59.99,38,0.78125,0.78125,0.0,-0.78125,0.140544,0.755,0.11,2.770794232089723,7.0588235294117645
2025-05-15T14:27:50.738048,mild,main,761.0,12.549019607843137,0.0,54,23.137254901960784,78,23,21.5,59.99,38,0.78125,0.78125,0.0,-0.78125,0.140544,0.755,0.11,2.770794232089723,7.0588235294117645
2025-05-15T14:27:51.243110,mild,main,772.5,13.72549019607843,0.0,54,23.137254901960784,78,23,21.5,59.99,38,0.78125,0.78125,0.0,-0.78125,0.140544,0.755,0.11,2.770794232089723,7.0588235294117645
2025-05-15T14:27:51.748174,mild,main,1062.5,12.549019607843137,0.0,54,23.137254901960784,78,23,21.5,59.99,38,0.78125,0.78125,0.0,-0.78125,0.140544,0.755,0.11,2.770794232089723,7.0588235294117645
2025-05-15T14:27:52.253282,mild,main,1155.25,13.72549019607843,0.0,54,23.137254901960784,78,23,21.5,59.99,38,0.78125,0.78125,0.0,-0.78125,0.140544,0.755,0.11,2.770794232089723,7.0588235294117645
2025-05-15T14:27:52.757259,mild,main,1110.75,19.607843137254903,0.0,54,23.137254901960784,78,23,21.5,59.99,38,0.78125,0.78125,0.0,-0.78125,0.140544,0.755,0.11,2.770794232089723,7.0588235294117645
2025-05-15T14:27:53.259640,mild,main,990.5,22.745098039215687,6.0,54,23.137254901960784,78,23,21.5,59.99,38,0.78125,0.78125,0.0,-0.78125,0.140544,0.755,0.11,2.770794232089723,7.0588235294117645
2025-05-15T14:27:53.764713,mild,main,1137.5,22.352941176470587,10.0,54,23.137254901960784,78,23,21.5,59.99,38,0.78125,0.78125,0.0,-0.78125,0.140544,0.755,0.11,2.770794232089723,7.0588235294117645
2025-05-15T14:27:54.269783,mild,main,1418.5,22.745098039215687,15.0,54,23.137254901960784,78,23,21.5,59.99,38,0.78125,0.78125,0.0,-0.78125,0.140544,0.755,0.11,2.770794232089723,7.0588235294117645
2025-05-15T14:27:54.773534,mild,main,1851.25,22.745098039215687,19.0,54,23.137254901960784,78,23,21.5,59.99,38,0.78125,0.78125,0.0,-0.78125,0.140544,0.755,0.11,2.770794232089723,7.0588235294117645
2025-05-15T14:27:55.273892,mild,main,2308.75,19.607843137254903,22.0,54,23.137254901960784,78,23,21.5,59.99,38,0.78125,0.78125,0.0,-0.78125,0.140544,0.755,0.11,2.770794232089723,7.0588235294117645
2025-05-15T14:27:55.779006,mild,main,2600.5,18.431372549019606,23.0,54,23.137254901960784,78,23,21.5,59.99,38,0.78125,0.78125,0.0,-0.78125,0.140544,0.755,0.11,2.770794232089723,7.0588235294117645
2025-05-15T14:27:56.284099,mild,main,2779.75,17.254901960784313,24.0,54,23.137254901960784,78,23,21.5,59.99,38,0.78125,0.78125,0.0,-0.78125,0.140544,0.755,0.11,2.770794232089723,7.0588235294117645
2025-05-15T14:27:56.788176,mild,main,2680.5,15.294117647058824,23.0,54,23.137254901960784,78,23,21.5,59.99,38,0.78125,0.78125,0.0,-0.78125,0.140544,0.755,0.11,2.770794232089723,7.0588235294117645
2025-05-15T14:27:57.291307,mild,main,2487.25,14.901960784313726,20.0,54,23.137254901960784,78,23,21.5,59.99,38,0.78125,0.78125,0.0,-0.78125,0.140544,0.755,0.11,2.770794232089723,7.0588235294117645
2025-05-15T14:27:57.796428,mild,main,2152.0,14.509803921568627,17.0,54,23.137254901960784,78,23,21.5,59.99,38,0.78125,0.78125,0.0,-0.78125,0.140544,0.755,0.11,2.770794232089723,7.0588235294117645
2025-05-15T14:27:58.301531,mild,main,1315.75,12.941176470588236,13.0,54,23.137254901960784,78,23,21.5,59.99,38,0.78125,0.78125,0.0,-0.78125,0.140544,0.755,0.11,2.770794232089723,7.0588235294117645
2025-05-15T14:27:58.805909,mild,main,878.75,12.549019607843137,11.0,54,23.137254901960784,78,23,21.5,59.99,38,0.78125,0.78125,0.0,-0.78125,0.140544,0.755,0.11,2.770794232089723,7.0588235294117645
2025-05-15T14:27:59.310945,mild,main,863.0,13.333333333333334,9.0,54,23.137254901960784,78,23,21.5,59.99,38,0.78125,0.78125,0.0,-0.78125,0.140544,0.755,0.11,2.770794232089723,7.0588235294117645
2025-05-15T14:27:59.816079,mild,main,1055.5,14.509803921568627,9.0,54,23.137254901960784,78,23,21.5,59.99,38,0.78125,0.78125,0.0,-0.78125,0.140544,0.755,0.11,2.770794232089723,7.0588235294117645
2025-05-15T14:28:00.321153,mild,main,1017.75,16.07843137254902,9.0,54,23.137254901960784,78,23,21.5,59.99,38,0.78125,0.78125,0.0,-0.78125,0.140544,0.755,0.11,2.770794232089723,7.0588235294117645
2025-05-15T14:28:00.826245,mild,main,1161.25,19.215686274509803,12.0,54,23.137254901960784,78,23,21.5,59.99,38,0.78125,0.78125,0.0,-0.78125,0.140544,0.755,0.11,2.770794232089723,7.0588235294117645
2025-05-15T14:28:01.331322,mild,main,1571.0,16.470588235294116,15.0,54,23.137254901960784,78,23,21.5,59.99,38,0.78125,0.78125,0.0,-0.78125,0.140544,0.755,0.11,2.770794232089723,7.0588235294117645
2025-05-15T14:28:01.836421,mild,main,1776.25,14.509803921568627,15.0,54,23.137254901960784,78,23,21.5,59.99,38,0.78125,0.78125,0.0,-0.78125,0.140544,0.755,0.11,2.770794232089723,7.0588235294117645
2025-05-15T14:28:02.340891,mild,main,1721.5,14.117647058823529,15.0,54,23.137254901960784,78,23,21.5,59.99,38,0.78125,0.78125,0.0,-0.78125,0.140544,0.755,0.11,2.770794232089723,7.0588235294117645
2025-05-15T14:28:02.845983,mild,main,1716.75,15.686274509803921,15.0,54,23.137254901960784,78,23,21.5,59.99,38,0.78125,0.78125,0.0,-0.78125,0.140544,0.755,0.11,2.770794232089723,7.0588235294117645
2025-05-15T14:28:03.351093,mild,main,1737.75,16.07843137254902,15.0,54,23.137254901960784,78,23,21.5,59.99,38,0.78125,0.78125,0.0,-0.78125,0.140544,0.755,0.11,2.770794232089723,7.0588235294117645
2025-05-15T14:28:03.856198,mild,main,1805.25,16.07843137254902,16.0,54,23.137254901960784,78,23,21.5,59.99,38,0.78125,0.78125,0.0,-0.78125,0.140544,0.755,0.11,2.770794232089723,7.0588235294117645
2025-05-15T14:28:04.361239,mild,main,1870.75,14.117647058823529,16.0,54,23.137254901960784,78,23,21.5,59.99,38,0.78125,0.78125,0.0,-0.78125,0.140544,0.755,0.11,2.770794232089723,7.0588235294117645
2025-05-15T14:28:04.866327,mild,main,1511.5,13.72549019607843,16.0,54,23.137254901960784,78,23,21.5,59.99,38,0.78125,0.78125,0.0,-0.78125,0.140544,0.755,0.11,2.770794232089723,7.0588235294117645
2025-05-15T14:28:05.369093,mild,main,1005.75,12.549019607843137,15.0,54,23.137254901960784,78,23,21.5,59.99,38,0.78125,0.78125,0.0,-0.78125,0.140544,0.755,0.11,2.770794232089723,7.0588235294117645
2025-05-15T14:28:05.874171,mild,main,820.25,12.549019607843137,15.0,54,23.137254901960784,78,23,21.5,59.99,38,0.78125,0.78125,0.0,-0.78125,0.140544,0.755,0.11,2.770794232089723,7.0588235294117645
2025-05-15T14:28:06.379286,mild,main,819.25,12.549019607843137,15.0,54,23.137254901960784,78,23,21.5,59.99,38,0.78125,0.78125,0.0,-0.78125,0.140544,0.755,0.11,2.770794232089723,7.0588235294117645
2025-05-15T14:28:06.881273,mild,main,580.25,12.941176470588236,14.0,54,23.137254901960784,78,23,21.5,59.99,38,0.78125,0.78125,0.0,-0.78125,0.140544,0.755,0.11,2.770794232089723,7.0588235294117645
2025-05-15T14:28:07.386342,mild,main,1036.0,14.117647058823529,13.0,54,23.137254901960784,78,23,21.5,59.99,38,0.78125,0.78125,0.0,-0.78125,0.140544,0.755,0.11,2.770794232089723,7.0588235294117645
2025-05-15T14:28:07.891383,mild,main,926.0,14.509803921568627,14.0,54,23.137254901960784,78,23,21.5,59.99,38,0.78125,0.78125,0.0,-0.78125,0.140544,0.755,0.11,2.770794232089723,7.0588235294117645
2025-05-15T14:28:08.394744,mild,main,1107.0,13.333333333333334,14.0,54,23.137254901960784,78,23,21.5,59.99,38,0.78125,0.78125,0.0,-0.78125,0.140544,0.755,0.11,2.770794232089723,7.0588235294117645
2025-05-15T14:28:08.896368,mild,main,1007.0,12.549019607843137,13.0,54,23.137254901960784,78,23,21.5,59.99,38,0.78125,0.78125,0.0,-0.78125,0.140544,0.755,0.11,2.770794232089723,7.0588235294117645
2025-05-15T14:28:09.401406,mild,main,990.0,12.941176470588236,13.0,54,23.137254901960784,78,23,21.5,59.99,38,0.78125,0.78125,0.0,-0.78125,0.140544,0.755,0.11,2.770794232089723,7.0588235294117645
2025-05-15T14:28:09.903994,mild,main,991.5,14.117647058823529,13.0,54,23.137254901960784,78,23,21.5,59.99,38,0.78125,0.78125,0.0,-0.78125,0.140544,0.755,0.11,2.770794232089723,7.0588235294117645
2025-05-15T14:28:10.409042,mild,main,956.5,14.117647058823529,14.0,54,23.137254901960784,78,23,21.5,59.99,38,0.78125,0.78125,0.0,-0.78125,0.140544,0.755,0.11,2.770794232089723,7.0588235294117645
2025-05-15T14:28:10.913532,mild,main,994.0,13.333333333333334,14.0,54,23.137254901960784,78,23,21.5,59.99,38,0.78125,0.78125,0.0,-0.78125,0.140544,0.755,0.11,2.770794232089723,7.0588235294117645
2025-05-15T14:28:11.418581,mild,main,983.75,12.941176470588236,14.0,54,23.137254901960784,78,23,21.5,59.99,38,0.78125,0.78125,0.0,-0.78125,0.140544,0.755,0.11,2.770794232089723,7.0588235294117645
2025-05-15T14:28:11.919811,mild,main,946.25,12.549019607843137,13.0,54,23.137254901960784,78,23,21.5,59.99,38,0.78125,0.78125,0.0,-0.78125,0.140544,0.755,0.11,2.770794232089723,7.0588235294117645
2025-05-15T14:28:12.423686,mild,main,891.75,12.549019607843137,12.0,54,23.137254901960784,78,23,21.5,59.99,38,0.78125,0.78125,0.0,-0.78125,0.140544,0.755,0.11,2.770794232089723,7.0588235294117645
2025-05-15T14:28:12.928772,mild,main,819.25,12.549019607843137,11.0,54,23.137254901960784,78,23,21.5,59.99,38,0.78125,0.78125,0.0,-0.78125,0.140544,0.755,0.11,2.770794232089723,7.0588235294117645
2025-05-15T14:28:13.429426,mild,main,802.5,12.156862745098039,8.0,54,23.137254901960784,78,23,21.5,59.99,38,0.78125,0.78125,0.0,-0.78125,0.140544,0.755,0.11,2.770794232089723,7.0588235294117645
2025-05-15T14:28:13.930463,mild,main,746.0,12.549019607843137,3.0,54,23.137254901960784,78,23,21.5,59.99,38,0.78125,0.78125,0.0,-0.78125,0.140544,0.755,0.11,2.770794232089723,7.0588235294117645
2025-05-15T14:28:14.435557,mild,main,699.0,12.941176470588236,0.0,54,23.137254901960784,78,23,21.5,59.99,38,0.78125,0.78125,0.0,-0.78125,0.140544,0.755,0.11,2.770794232089723,7.0588235294117645
2025-05-15T14:28:14.940620,mild,main,875.75,13.333333333333334,0.0,54,23.137254901960784,78,23,21.5,59.99,38,0.78125,0.78125,0.0,-0.78125,0.140544,0.755,0.11,2.770794232089723,7.0588235294117645
2025-05-15T14:28:15.445721,mild,main,889.5,17.254901960784313,0.0,54,23.137254901960784,78,23,21.5,59.99,38,0.78125,0.78125,0.0,-0.78125,0.140544,0.755,0.11,2.770794232089723,7.0588235294117645
2025-05-15T14:28:15.950823,mild,main,1166.75,20.0,3.0,54,23.137254901960784,78,23,21.5,59.99,38,0.78125,0.78125,0.0,-0.78125,0.140544,0.755,0.11,2.770794232089723,7.0588235294117645
2025-05-15T14:28:16.455951,mild,main,1246.25,14.117647058823529,6.0,54,23.137254901960784,78,23,21.5,59.99,38,0.78125,0.78125,0.0,-0.78125,0.140544,0.755,0.11,2.770794232089723,7.0588235294117645
2025-05-15T14:28:16.959363,mild,main,1113.25,12.941176470588236,6.0,54,23.137254901960784,78,23,21.5,59.99,38,0.78125,0.78125,0.0,-0.78125,0.140544,0.755,0.11,2.770794232089723,7.0588235294117645
2025-05-15T14:28:17.461077,mild,main,1146.0,12.941176470588236,5.0,54,23.137254901960784,78,23,21.5,59.99,25,0.78125,7.03125,3.90625,0.0,0.140544,0.755,0.11,2.770794232089723,7.0588235294117645
2025-05-15T14:28:18.716419,mild,main,901.25,14.509803921568627,0.0,54,23.137254901960784,78,23,21.5,59.99,25,0.78125,7.03125,3.90625,0.0,0.140544,0.755,0.11,2.770794232089723,7.0588235294117645
2025-05-15T14:28:19.221499,mild,main,821.5,17.254901960784313,0.0,54,23.137254901960784,78,23,21.5,59.99,25,0.78125,7.03125,3.90625,0.0,0.140544,0.755,0.11,2.770794232089723,7.0588235294117645
2025-05-15T14:28:19.723613,mild,main,919.0,18.431372549019606,5.0,54,23.137254901960784,78,23,21.5,59.99,25,0.78125,7.03125,3.90625,0.0,0.140544,0.755,0.11,2.770794232089723,7.0588235294117645
2025-05-15T14:28:20.228651,mild,main,867.75,17.254901960784313,8.0,54,23.137254901960784,78,23,21.5,59.99,25,0.78125,7.03125,3.90625,0.0,0.140544,0.755,0.11,2.770794232089723,7.0588235294117645
2025-05-15T14:28:20.731766,mild,main,1172.0,12.941176470588236,9.0,54,23.137254901960784,78,23,21.5,59.99,25,0.78125,7.03125,3.90625,0.0,0.140544,0.755,0.11,2.770794232089723,7.0588235294117645
2025-05-15T14:28:21.236838,mild,main,1355.0,13.72549019607843,9.0,54,23.137254901960784,78,23,21.5,59.99,25,0.78125,7.03125,3.90625,0.0,0.140544,0.755,0.11,2.770794232089723,7.0588235294117645
2025-05-15T14:28:21.739837,mild,main,1081.5,12.941176470588236,8.0,54,23.137254901960784,78,23,21.5,59.99,25,0.78125,7.03125,3.90625,0.0,0.140544,0.755,0.11,2.770794232089723,7.0588235294117645
2025-05-15T14:28:22.244864,mild,main,814.75,12.941176470588236,7.0,54,23.137254901960784,78,23,21.5,59.99,25,0.78125,7.03125,3.90625,0.0,0.140544,0.755,0.11,2.770794232089723,7.0588235294117645
2025-05-15T14:28:22.746233,mild,main,758.25,12.941176470588236,6.0,54,23.137254901960784,78,23,21.5,59.99,25,0.78125,7.03125,3.90625,0.0,0.140544,0.755,0.11,2.770794232089723,7.0588235294117645
2025-05-15T14:28:23.248674,mild,main,826.25,13.333333333333334,3.0,54,23.137254901960784,78,23,21.5,59.99,25,0.78125,7.03125,3.90625,0.0,0.140544,0.755,0.11,2.770794232089723,7.0588235294117645
2025-05-15T14:28:23.752806,mild,main,902.75,12.549019607843137,0.0,54,23.137254901960784,78,23,21.5,59.99,25,0.78125,7.03125,3.90625,0.0,0.140544,0.755,0.11,2.770794232089723,7.0588235294117645
2025-05-15T14:28:24.257748,mild,main,845.25,12.549019607843137,0.0,54,23.137254901960784,78,23,21.5,59.99,25,0.78125,7.03125,3.90625,0.0,0.140544,0.755,0.11,2.770794232089723,7.0588235294117645
2025-05-15T14:28:24.761757,mild,main,768.25,12.549019607843137,0.0,54,23.137254901960784,78,23,21.5,59.99,25,0.78125,7.03125,3.90625,0.0,0.140544,0.755,0.11,2.770794232089723,7.0588235294117645
2025-05-15T14:28:25.264232,mild,main,792.0,12.549019607843137,0.0,54,23.137254901960784,78,23,21.5,59.99,25,0.78125,7.03125,3.90625,0.0,0.140544,0.755,0.11,2.770794232089723,7.0588235294117645
2025-05-15T14:28:25.764683,mild,main,758.0,12.549019607843137,0.0,54,23.137254901960784,78,23,21.5,59.99,25,0.78125,7.03125,3.90625,0.0,0.140544,0.755,0.11,2.770794232089723,7.0588235294117645
2025-05-15T14:28:26.269760,mild,main,744.25,12.549019607843137,0.0,54,23.137254901960784,78,23,21.5,59.99,25,0.78125,7.03125,3.90625,0.0,0.140544,0.755,0.11,2.770794232089723,7.0588235294117645
2025-05-15T14:28:26.773588,mild,main,760.0,12.549019607843137,0.0,54,23.137254901960784,78,23,21.5,59.99,25,0.78125,7.03125,3.90625,0.0,0.140544,0.755,0.11,2.770794232089723,7.0588235294117645
2025-05-15T14:28:27.278660,mild,main,756.0,12.549019607843137,0.0,54,23.137254901960784,78,23,21.5,59.99,25,0.78125,7.03125,3.90625,0.0,0.140544,0.755,0.11,2.770794232089723,7.0588235294117645
2025-05-15T14:28:27.782517,mild,main,736.75,12.549019607843137,0.0,54,23.137254901960784,78,23,21.5,59.99,25,0.78125,7.03125,3.90625,0.0,0.140544,0.755,0.11,2.770794232089723,7.0588235294117645
2025-05-15T14:28:28.287044,mild,main,730.75,12.549019607843137,0.0,54,23.137254901960784,78,23,21.5,59.99,25,0.78125,7.03125,3.90625,0.0,0.140544,0.755,0.11,2.770794232089723,7.0588235294117645
2025-05-15T14:28:28.792101,mild,main,726.75,12.549019607843137,0.0,54,23.137254901960784,78,23,21.5,59.99,25,0.78125,7.03125,3.90625,0.0,0.140544,0.755,0.11,2.770794232089723,7.0588235294117645
2025-05-15T14:28:29.295884,mild,main,750.5,12.549019607843137,0.0,54,23.137254901960784,78,23,21.5,59.99,25,0.78125,7.03125,3.90625,0.0,0.140544,0.755,0.11,2.770794232089723,7.0588235294117645
